Ticker,Day_0,Day_30,Day_60,Day_90,Day_120,Day_180,Trend_30,Trend_90,Trend_180,Trend_V_30,Trend_V_90,Trend_V_180,Trend_rank,Volatile
A,119.2699966,155.14664202426198,157.50608218245313,159.86552234064442,162.22496249883557,166.7865468046718,Up,Up,Up,30.08019321454561,30.08019321454561,39.83948315520602,1,2
AAL,18.77000046,16.464684120122186,15.903403956951685,15.342123793781184,14.780843630610683,13.69570198181438,Down,Down,Down,-12.281919463937044,-12.281919463937044,-27.034088193014448,2,3
AAP,199.6300049,213.10999953044293,214.91353070436267,216.7170618782824,218.52059305220214,222.00741998844697,Up,Up,Up,6.752489254907064,6.752489254907064,11.20944474236547,1,3
AAPL,157.6499939,159.39352129310808,162.40612689735514,165.41872291643926,168.43132207507318,174.2556788256717,Up,Up,Up,1.1059482781927856,1.1059482781927856,10.533260747352118,1,3
ABBV,146.8800049,122.10631857227385,123.71594940325694,125.32558023424004,126.93521106522313,130.04716400512433,Down,Down,Down,-16.866615945848284,-16.866615945848284,-11.460267111466893,2,3
ABC,151.2899933,131.22582096927573,132.5128221984326,133.79982342844912,135.08682465508303,137.5750270278428,Down,Down,Down,-13.262061748484633,-13.262061748484633,-9.06534924947822,2,3
ABMD,286.5799866,373.32810538639404,378.90387510933334,384.47964483227264,390.05541455521194,400.83523601956125,Up,Up,Up,30.27012451761838,30.27012451761838,39.86853749806173,1,2
ABT,113.5,141.35239799748842,143.69635371478876,146.04030940439267,148.38426508899704,152.91591274400344,Up,Up,Up,24.53955770703826,24.53955770703826,34.72767642643475,1,2
ACN,300.3599854,335.87890433177347,341.0725337340703,346.2661631103722,351.45979289769105,361.5008106051127,Up,Up,Up,11.825449679813921,11.825449679813921,20.355849040173997,1,3
ADBE,395.9500122,615.4113584465076,626.5624633453302,637.7534486619649,648.9683432971946,670.6081276267109,Up,Up,Up,55.42652847189573,55.42652847189573,69.36686626188995,1,1
ADI,154.3800049,174.3746463080607,176.82686971589317,179.2790931237262,181.7313165315592,186.472281786703,Up,Up,Up,12.951574539081207,12.951574539081207,20.787845490412355,1,3
ADM,89.55999756,68.02198484550384,68.69320889248439,69.36443293939915,70.03565698630993,71.33335681033768,Down,Down,Down,-24.048697299334947,-24.048697299334947,-20.35131894398672,2,3
ADP,218.1799927,211.96967887483933,214.6807736558191,217.39186844429298,220.10296323405984,225.34441316121053,Down,Down,Up,-2.8464176519154694,-2.8464176519154694,3.2837201855908353,2,3
ADSK,189.2799988,348.6870027125779,354.64905611794603,360.61110952331416,366.5731629286823,378.099799512394,Up,Up,Up,84.21756388587738,84.21756388587738,99.75686914067859,1,1
AEE,92.90000153,92.93248684134488,93.98558020936582,95.03867357738676,96.0917669454077,98.12774745691485,Up,Up,Up,0.03496804177596799,0.03496804177596799,5.627282928759334,1,3
AEP,99.11000061,93.23681234396935,94.07920302686387,94.921593711011,95.76398439512042,97.39260638436659,Down,Down,Down,-5.925928997964369,-5.925928997964369,-1.7328162799548317,2,3
AES,20.42000008,32.29373404385497,32.82250144056141,33.35126883726785,33.880036233974295,34.90231986760675,Up,Up,Up,58.14757060400054,58.14757060400054,70.92223178682156,1,1
AFL,57.27999878,57.95367388253824,58.532412060353224,59.11115023816821,59.68988841598319,60.80878222642549,Up,Up,Up,1.1761087934475694,1.1761087934475694,6.160585756956423,1,3
AIG,58.50999832,45.43398223762484,45.241626163534754,45.04927008944467,44.85691401535458,44.485025605447085,Down,Down,Down,-22.348344655319348,-22.348344655319348,-23.970215548201228,2,3
AIZ,181.8800049,171.65682436296163,173.6288549329775,175.60088550299338,177.57291607300925,181.38550850837328,Down,Down,Down,-5.62083805894947,-5.62083805894947,-0.2718805686741607,2,3
AJG,168.4900055,168.73999077018698,171.4889107665157,174.2378307628444,176.9867507591731,182.30132941874194,Up,Up,Up,0.14836801117380383,0.14836801117380383,8.19711761404266,1,3
AKAM,112.2799988,122.79141825282379,124.23917927987942,125.68694030693506,127.13470133399069,129.93370598629883,Up,Up,Up,9.361791561422592,9.361791561422592,15.722931399157469,1,3
ALB,192.8300018,185.48628742311294,187.41584268862212,189.3453979541313,191.27495321964048,195.00542673295823,Down,Down,Up,-3.8083878589099562,-3.8083878589099562,1.1281568804913202,2,3
ALGN,289.9100037,725.3250246900578,739.0842114805233,752.8433982709888,766.6025850614543,793.2036795230209,Up,Up,Up,150.1897193725771,150.1897193725771,173.60341809516555,1,1
ALK,54.38999939,65.99434264078329,65.67707716348197,65.35982004607075,65.04256258937521,64.42919699146117,Up,Up,Up,21.335435522944373,21.335435522944373,18.45780054063937,1,3
ALL,126.5400009,137.963086820532,139.47276077343764,140.98243472634329,142.49210867924893,145.4108116548665,Up,Up,Up,9.027252915510294,9.027252915510294,14.912921306029888,1,3
ALLE,114.2399979,150.1111120838158,151.88030482339462,153.6495321270922,155.4188264425754,158.8394041066483,Up,Up,Up,31.399785401970675,31.399785401970675,39.04009718705385,1,2
AMAT,110.3499985,-295.30895813599886,-346.8269458224959,-399.5305307667576,-453.4197129687838,-560.9672921169405,Down,Down,Down,-367.6112026734634,-367.6112026734634,-608.3527863545376,2,3
AMCR,11.85999966,11.820642509650895,11.876338565420625,11.932034621190354,11.987730676960084,12.095409718114894,Down,Up,Up,-0.3318478202140571,-0.3318478202140571,1.9849077981752161,2,3
AMD,85.51999664,100.80906894327597,102.84210687289755,104.87514480251672,106.9081827321357,110.83872272939918,Up,Up,Up,17.87777467723246,17.87777467723246,29.60562100578583,1,2
AME,126.2600021,155.91964920323196,158.24692477905617,160.5742003548804,162.9014759307046,167.4008753772981,Up,Up,Up,23.490928726376094,23.490928726376094,32.58424884605486,1,2
AMGN,233.1900024,264.1934227240837,266.94611865857036,269.69975533896394,272.45355877544523,277.7771237967524,Up,Up,Up,13.295347143957873,13.295347143957873,19.1205115733351,1,3
AMP,265.4899902,293.17350099048736,297.3269894845562,301.480477978625,305.6339664726938,313.66404422789356,Up,Up,Up,10.427327512284993,10.427327512284993,18.145337227818967,1,3
AMT,241.0200043,288.6065905600128,292.61306165088416,296.61953274205484,300.62600383327737,308.3718479429811,Up,Up,Up,19.743832632573234,19.743832632573234,27.94450354384177,1,2
AMZN,2485.629883,4171.623315260429,4246.57340525019,4321.523495239951,4396.473585229713,4541.377092543251,Up,Up,Up,67.82962515020701,67.82962515020701,82.70528221450623,1,1
ANET,115.5699997,91.1663397013481,92.46556185888308,93.76476772916537,95.06394028871992,97.57561480461143,Down,Down,Down,-21.1159124876695,-21.1159124876695,-15.570117627497549,2,3
ANSS,275.6900024,437.75933203752334,445.3610330478873,452.96273410451073,460.5644351940658,475.26105729161486,Up,Up,Up,58.786799748500165,58.786799748500165,72.38965981873227,1,1
ANTM,501.9299927,433.10377082332286,439.25574586219795,445.40772320899316,451.5597015753478,463.4535269835933,Down,Down,Down,-13.712315039482824,-13.712315039482824,-7.6657036391534845,2,3
AON,287.9899902,286.0786016677089,290.06100530229696,294.0437883371976,298.02501422427247,305.7231407563026,Down,Up,Up,-0.663699641422864,-0.663699641422864,6.157557956784351,2,3
AOS,58.43000031,71.82513619870025,72.34151566146,72.85789512421974,73.37427458697948,74.37260821498165,Up,Up,Up,22.925099807688593,22.925099807688593,27.284969742252695,1,2
APA,40.93000031,13.258107254516425,12.53843205939981,11.818756860616608,11.09908166092492,9.707709607701046,Down,Down,Down,-67.60784961128572,-67.60784961128572,-76.28216580948995,2,3
APD,234.0700073,326.2184007508653,330.8624758165274,335.5063313372138,340.1502883838339,349.128619083529,Up,Up,Up,39.3678773772847,39.3678773772847,49.15564070370711,1,2
APH,71.5,75.83762006197692,76.80453632696414,77.77145258778313,78.73836885221957,80.60774029620262,Up,Up,Up,6.066601485282407,6.066601485282407,12.738098316367303,1,3
APTV,106.4000015,165.5151764967708,167.86173435712058,170.20829221747036,172.55485007782013,177.0915286078297,Up,Up,Up,55.55937421370318,55.55937421370318,66.43940423988593,1,1
ARE,182.1600037,198.98006511014043,201.31285895495435,203.64565279976827,205.9784466445822,210.48851474455577,Up,Up,Up,9.233674280025514,9.233674280025514,15.55144404323251,1,3
ATO,113.4000015,108.44036979436505,109.28452060605362,110.12867141774218,110.97282222943075,112.60484713202864,Down,Down,Down,-4.373572874807191,-4.373572874807191,-0.7011943187420185,2,3
ATVI,75.59999847,101.84689847852088,103.02525960130032,104.20362151800205,105.38198334857172,107.66014950963265,Up,Up,Up,34.71812240702137,34.71812240702137,42.40760805353048,1,2
AVB,227.4799957,194.2374380355789,194.9725615432441,195.7076850509093,196.4428085585745,197.86404734006058,Down,Down,Down,-14.613398229645341,-14.613398229645341,-13.019144065307986,2,3
AVGO,554.3900146,528.1291982167538,536.0139421253288,543.8986860338729,551.7834299424159,567.0272681656003,Down,Down,Up,-4.736884808827896,-4.736884808827896,2.2794879476172123,2,3
AVY,180.6000061,248.04291411314244,252.0342293004618,256.02554448778113,260.0168596750996,267.73340237058204,Up,Up,Up,37.34380162523286,37.34380162523286,48.246618675270376,1,2
AWK,154.0800018,176.73943320546704,179.17282095228555,181.60620869909593,184.03959644590586,188.7441460897381,Up,Up,Up,14.70627670090477,14.70627670090477,22.497497329168723,1,3
AXP,174.7100067,173.92464585741953,176.25267219310263,178.5806987554695,180.90872526039368,185.40957646477585,Down,Up,Up,-0.44952253017140636,-0.44952253017140636,6.1241882859912025,2,3
AZO,1955.469971,1685.0159489906139,1708.2857846031175,1731.5556202154337,1754.8254558290178,1799.8138046821732,Down,Down,Down,-13.830640512013575,-13.830640512013575,-7.960038692807253,2,3
BA,148.8399963,251.90653623814433,253.79227434945028,255.67801246075624,257.5637505720622,261.20951092058704,Up,Up,Up,69.24653486983749,69.24653486983749,75.49685394650002,1,1
BAC,35.68000031,44.91897629269884,45.46894547906542,46.018914665436604,46.56888385180754,47.632157612124644,Up,Up,Up,25.893990757924524,25.893990757924524,33.498198425673294,1,2
BAX,71.05999756,93.52994415847517,94.48348963416241,95.43703483506862,96.39057976148024,98.23410013537433,Up,Up,Up,31.6210911483673,31.6210911483673,38.24106882698623,1,2
BBWI,52.88999939,-72.33929776913952,-87.32324493052079,-102.62656348196876,-118.24925342348342,-149.3587159631336,Down,Down,Down,-236.77311136974004,-236.77311136974004,-382.3950041326208,2,3
BBY,89.93000031,132.1345449278634,134.15869587781359,136.18284682776377,138.20699777771395,142.12035628095097,Up,Up,Up,46.93043975578677,46.93043975578677,58.03442209612395,1,1
BDX,247.1900024,259.33674939214535,261.4000110393351,263.4632726865248,265.52653433371455,269.5155068516147,Up,Up,Up,4.913931337922651,4.913931337922651,9.031718206583385,1,3
BEN,24.59000015,28.053721792545456,27.947021445566296,27.84013085074886,27.733137211187163,27.52618788898977,Up,Up,Up,14.085895166395328,14.085895166395328,11.940576336229787,1,3
BIIB,207.4400024,266.58157496904664,266.5263117912849,266.4710486135232,266.41578543576145,266.30894329208877,Up,Up,Up,28.510206269187087,28.510206269187087,28.378779507808556,1,2
BIO,512.0599976,736.4253886079244,748.5256636796972,760.6259387648972,772.7262138517208,796.1200790199811,Up,Up,Up,43.81623092206265,43.81623092206265,55.473984054867934,1,1
BK,42.06000137,50.90456426877533,51.11399153241233,51.323418807758216,51.53284628601917,51.93773953110117,Up,Up,Up,21.028441775286915,21.028441775286915,23.484873607604378,1,3
BKNG,2210.310059,2631.9328762120163,2649.6748478392856,2667.416819466552,2685.1587910938174,2719.4599362398635,Up,Up,Up,19.0752793027947,19.0752793027947,23.03522418344401,1,3
BKR,31.02000046,14.895391430406367,14.407990994407001,13.920590558407635,13.43319012240827,12.490882612809497,Down,Down,Down,-51.98133072366058,-51.98133072366058,-59.73280971121721,2,3
BLK,624.6799927,939.0255724037869,952.9370877655497,966.8486031618594,980.7601185612732,1007.6557149997632,Up,Up,Up,50.32105772190949,50.32105772190949,61.30750572696599,1,1
BLL,81.16000366,108.65705908878134,110.32425325757707,111.9914474263728,113.65864159516853,116.88188365484028,Up,Up,Up,33.88005691075808,33.88005691075808,44.01414290774107,1,2
BMY,75.26999664,63.70864999459954,64.06272423814822,64.41679848169657,64.77087272524487,65.45541626277158,Down,Down,Down,-15.359834145729891,-15.359834145729891,-13.03916675348004,2,3
BR,144.1300049,183.02138682784596,185.775591571169,188.52979630494048,191.28400103709566,196.6087968521061,Up,Up,Up,26.98354305533363,26.98354305533363,36.4107334822592,1,2
BRO,61.97999954,61.76810957702806,62.727584264213974,63.68705905682029,64.64653386082631,66.50151847649548,Down,Up,Up,-0.3418682874226074,-0.3418682874226074,7.295125798730323,2,3
BSX,42.11000061,48.40298379987454,48.91423629706819,49.425488792474134,49.93674128808393,50.92516277962248,Up,Up,Up,14.944153642163865,14.944153642163865,20.933654813410563,1,3
BWA,36.83000183,50.02087535389777,50.26345718359442,50.506039013291094,50.74862084298777,51.21761238040134,Up,Up,Up,35.81556575746109,35.81556575746109,39.06491945564299,1,2
BXP,117.5999985,106.21789854028857,106.15354237185112,106.08918620341366,106.0248300349762,105.90040810933046,Down,Down,Down,-9.678656551778293,-9.678656551778293,-9.948631411478754,2,3
C,48.20999908,74.58888706243151,75.11791996634757,75.6469528701802,76.17598577400496,77.19878272139829,Up,Up,Up,54.7166324119986,54.7166324119986,60.13023064633147,1,1
CAG,34.93000031,36.49802013048209,36.576934215692205,36.65584830090232,36.734762386112436,36.88732961751866,Up,Up,Up,4.489034659507831,4.489034659507831,5.603576553528701,1,3
CAH,58.04999924,58.17622077002892,58.1237522430721,58.07128371824816,58.018815193504615,57.917376045561724,Up,Up,Down,0.21743588575613104,0.21743588575613104,-0.22846373156692237,1,3
CARR,38.27000046,-40.50606381697564,-50.60336892523425,-60.934281597044006,-71.49880183240491,-92.58594817874992,Down,Down,Down,-205.84286211157163,-205.84286211157163,-341.92826513164334,2,3
CAT,210.5399933,260.46192811875704,264.42301363577985,268.38409915275383,272.3451846697234,280.0032833358632,Up,Up,Up,23.71137855391822,23.71137855391822,32.992919277281665,1,2
CB,206.4499969,181.84111006315288,183.20308580320344,184.5650615432678,185.92703728333373,188.56019038079424,Down,Down,Down,-11.920022865763055,-11.920022865763055,-8.665442861629687,2,3
CBOE,112.9800034,110.46156643386091,111.22191780909033,111.98226918432813,112.74262055956417,114.21263321835319,Down,Down,Up,-2.2290997436269255,-2.2290997436269255,1.0910159154351637,2,3
CBRE,83.04000092,99.09302957909375,100.5544441402283,102.01585870136284,103.47727326249739,106.30267474735751,Up,Up,Up,19.331681697064408,19.331681697064408,28.013816919111754,1,2
CCI,185.2100067,212.61952739098942,215.7067345747588,218.79394175853784,221.8811489423176,227.84974949762497,Up,Up,Up,14.799157550588982,14.799157550588982,23.02237527948049,1,3
CCL,17.29999924,19.880688913867203,19.02812464930686,18.175560384746518,17.322996120186176,15.674705208702846,Up,Up,Down,14.91728200715924,14.91728200715924,-9.394763599406678,1,3
CDAY,56.13000107,121.23312260912559,124.05295804478075,126.87279348043592,129.69262891609134,135.1443107583588,Up,Up,Up,115.98631800832354,115.98631800832354,140.77019095335433,1,1
CDNS,150.8500061,159.9141613720705,162.87244890797263,165.83073643206114,168.78902395523497,174.50837983389903,Up,Up,Up,6.008720520741502,6.008720520741502,15.68337605383698,1,3
CDW,163.1799927,210.87118432666395,214.4746751229027,218.07779319241402,221.6808628378651,228.64698345155375,Up,Up,Up,29.2261268293732,29.2261268293732,40.11949606586404,1,2
CE,146.9400024,175.3751466833653,177.60596030404065,179.83677392469497,182.0675875453477,186.38049387860966,Up,Up,Up,19.351533836211033,19.351533836211033,26.841221474357113,1,2
CEG,59.20999908,0.0,0.0,0.0,0.0,0.0,Down,Down,Down,-100.0,-100.0,-100.0,2,3
CERN,93.63999939,77.9743792980723,78.30506227461085,78.6357452511494,78.96642822768796,79.60574864899583,Down,Down,Down,-16.72962429942163,-16.72962429942163,-14.987452832579704,2,3
CF,96.83000183,54.508756728571846,55.23950862905733,55.97026052954282,56.70101243002831,58.11379943763358,Down,Down,Down,-43.706748220174184,-43.706748220174184,-39.98368445798305,2,3
CFG,39.40000153,49.01437299713006,49.42933447464409,49.84429595215811,50.25925742967214,51.06151628619926,Up,Up,Up,24.401957090812488,24.401957090812488,29.597752038968668,1,2
CHD,97.55999756,95.75463354601965,96.90752011265343,98.06040668618601,99.21329325974438,101.44220730160055,Down,Up,Up,-1.8505166657779404,-1.8505166657779404,3.9793048777117535,2,3
CHRW,106.1500015,102.71230669995872,103.5795870979541,104.44686749594176,105.31414789392981,106.99088999670688,Down,Down,Up,-3.2385254370828105,-3.2385254370828105,0.7921700280964024,2,3
CHTR,428.4899902,766.0267542534898,775.8318037471253,785.6368532407424,795.4419027343585,814.3983317553494,Up,Up,Up,78.77354705437638,78.77354705437638,90.06239361046092,1,1
CI,246.7799988,270.21288006107596,272.91274412517043,275.61261234556713,278.3124807410533,283.5322255860894,Up,Up,Up,9.495453997496323,9.495453997496323,14.892708876246827,1,3
CINF,122.6600037,125.80353818729257,127.26447403075584,128.7254098742241,130.18634571769238,133.01082168173107,Up,Up,Up,2.5628031896860035,2.5628031896860035,8.438625199333064,1,3
CL,77.05000305,82.86831871584472,83.31281387680552,83.75730903776632,84.20180419872712,85.061161509918,Up,Up,Up,7.551350338129184,7.551350338129184,10.397349958207423,1,3
CLX,143.4700012,197.005769506364,198.8664053405567,200.7270411747494,202.58767700894208,206.18490628838128,Up,Up,Up,37.31495633831777,37.31495633831777,43.71290483294515,1,2
CMA,81.90000153,76.9989265418513,77.39482734044941,77.79071960830849,78.18661193086095,78.95200644462506,Down,Down,Down,-5.984218432955007,-5.984218432955007,-3.5995055315048923,2,3
CMCSA,39.75999832,61.607360000272024,62.20186686524997,62.79637373017745,63.39088059508669,64.54026053390731,Up,Up,Up,54.94809507897389,54.94809507897389,62.324605787124476,1,1
CME,219.3399963,223.02800058126905,225.90040103638412,228.7728014915083,231.64520194664289,237.1985094932397,Up,Up,Up,1.6814098401938649,1.6814098401938649,8.141931929648575,1,3
CMG,1455.609985,1775.4433438313579,1805.6490393239426,1835.8547316680156,1866.0604227541814,1924.4580912344052,Up,Up,Up,21.97246255021793,21.97246255021793,32.209734136607004,1,2
CMI,189.1900024,277.9443661376418,281.3355889412174,284.7268117443304,288.1180345474644,294.6743986335474,Up,Up,Up,46.91281918269154,46.91281918269154,55.75579834843716,1,1
CMS,68.69000244,69.04008343407381,69.73236784835746,70.4246522626411,71.11693667692475,72.45535321120647,Up,Up,Up,0.5096534890642909,0.5096534890642909,5.4816576466065285,1,3
CNC,80.55000305,69.47927886905929,70.21731718411003,70.95535549916077,71.69339381421152,73.12026788997629,Down,Down,Down,-13.743915284607446,-13.743915284607446,-9.223755280818342,2,3
CNP,30.61000061,23.978128729559156,23.983371096995842,23.98861346443253,23.993855831869215,24.003991075580142,Down,Down,Down,-21.665703195949217,-21.665703195949217,-21.581213338041348,2,3
COF,124.6200027,166.67029936704634,168.80176987364618,170.93324038024602,173.06471088684586,177.18555386627222,Up,Up,Up,33.742814761667745,33.742814761667745,42.18066925645494,1,2
COO,361.0400085,469.2151413634272,475.45194845807026,481.68875555328714,487.9255626485135,499.9833896992712,Up,Up,Up,29.962090160826932,29.962090160826932,38.484206162229576,1,2
COP,95.51999664,51.74604485575136,51.989970443447014,52.23389603114324,52.4778216188395,52.94941108838562,Down,Down,Down,-45.82700306117666,-45.82700306117666,-44.5671974969349,2,3
COST,531.7199707,428.87720042741137,435.15538628858224,441.4335721497531,447.711758010924,459.84958400918765,Down,Down,Down,-19.34152861273913,-19.34152861273913,-13.516585919501242,2,3
CPB,47.22000122,46.53167009024114,46.47495134471155,46.418232599181955,46.36151385365236,46.25185761229515,Down,Down,Down,-1.457710952932622,-1.457710952932622,-2.05028289430623,2,3
CPRT,113.6500015,150.86620487244318,153.66187294962998,156.45754102681678,159.2532091040036,164.65816738656474,Up,Up,Up,32.746328976021324,32.746328976021324,44.8817995717886,1,2
CPT,156.8899994,131.95867730610493,133.3792589455168,134.79984058492866,136.22042222434052,138.9668800605368,Down,Down,Down,-15.890956841889734,-15.890956841889734,-11.424003701961388,2,3
CRL,241.5099945,399.88869886821243,407.0841188148449,414.27953876147734,421.4749587081098,435.3861039382659,Up,Up,Up,65.57853007123165,65.57853007123165,80.27664024408145,1,1
CRM,175.9400024,270.56968344278465,274.8727753358702,279.1758677033561,283.4789603885921,291.79827280398973,Up,Up,Up,53.78519935883816,53.78519935883816,65.85101103988033,1,1
CSCO,48.97999954,55.390605398087345,55.998888658145674,56.607171918204,57.21545517826233,58.39146948104177,Up,Up,Up,13.088211348087212,13.088211348087212,19.214924519049443,1,3
CSX,34.34000015,38.2680769470043,38.780717994090075,39.293359041175684,39.80600008826133,40.79710611262692,Up,Up,Up,11.438779207472722,11.438779207472722,18.80345350734344,1,3
CTAS,397.2600098,408.1858547833167,414.9773793322828,421.7689038812489,428.560428430215,441.69070922488277,Up,Up,Up,2.7503007385055755,2.7503007385055755,11.184286947798086,1,3
CTLT,90.55999756,135.7188285211621,138.18841290811895,140.6579972950758,143.12758168203266,147.9021114968159,Up,Up,Up,49.86620160986905,49.86620160986905,63.319473809420344,1,1
CTRA,28.79000092,13.996162305141324,13.837699836781747,13.67923736842217,13.520774900062593,13.214414127900744,Down,Down,Down,-51.385335679449774,-51.385335679449774,-54.10068181442509,2,3
CTSH,80.90000153,86.70581075128582,87.38959810390877,88.0733854605095,88.75717281564299,90.07916170188244,Up,Up,Up,7.176525477731752,7.176525477731752,11.346304076988865,1,3
CTVA,57.68999863,61.743923557299865,63.17982875630692,64.61573395531389,66.05163915432072,68.82772253906728,Up,Up,Up,7.027084457567906,7.027084457567906,19.30616081393948,1,3
CTXS,100.0999985,138.85550910700573,140.24003560186316,141.62456209672058,143.009088591578,145.68583981496903,Up,Up,Up,38.71679439336428,38.71679439336428,45.54030169637718,1,2
CVS,96.12999725,75.78579871912936,75.88961765696382,75.99343659479828,76.09725553263274,76.29797214577937,Down,Down,Down,-21.16321555483103,-21.16321555483103,-20.630423043334304,2,3
CVX,156.6699982,102.3191552898069,102.73323404825419,103.14731280676138,103.56139156527455,104.36194383173444,Down,Down,Down,-34.69128967551945,-34.69128967551945,-33.387409822709486,2,3
CZR,66.27999878,118.79916186250071,121.11683154800517,123.43450123350962,125.75217091901408,130.23299897765563,Up,Up,Up,79.23832837840725,79.23832837840725,96.48913906883392,1,1
D,81.63999939,80.84843059466755,81.27006996168316,81.69170932970968,82.1133486976291,82.92851814229324,Down,Up,Up,-0.9695845189207714,-0.9695845189207714,1.5782934369436952,2,3
DAL,43.02999878,48.341054001344,48.49085960686127,48.64066521237854,48.790470817895816,49.08009498856254,Up,Up,Up,12.342680390250289,12.342680390250289,14.060182152211864,1,3
DD,65.93000031,74.66132601285156,74.5336418861066,74.40595775936504,74.27827363262377,74.03141765425718,Up,Up,Up,13.243327258906795,13.243327258906795,12.2879073353021,1,3
DE,377.5499878,-827.3406885967024,-971.7308330801823,-1119.5161644818259,-1270.6966828016325,-1572.6062593478732,Down,Down,Down,-319.1340790176295,-319.1340790176295,-516.5292835821602,2,3
DFS,112.4599991,127.9717924637696,129.6538317290215,131.33587099426268,133.0179102595022,136.26985283896477,Up,Up,Up,13.793165114625719,13.793165114625719,21.17184237018615,1,3
DG,237.5299988,254.30747134511904,258.61658560668894,262.9256998682592,267.23481412982943,275.56576836886524,Up,Up,Up,7.0633067948801145,7.0633067948801145,16.013038252440413,1,3
DGX,133.8399963,139.01127719831987,140.00762216934913,141.0039671403784,142.00031211140765,143.92657905539755,Up,Up,Up,3.8637784229525405,3.8637784229525405,7.536299338195334,1,3
DHI,69.58999634,116.37292371317213,118.3605718349988,120.3482122776535,122.33603943369204,126.17942991590165,Up,Up,Up,67.2265121909218,67.2265121909218,81.31834538317732,1,1
DHR,251.1300049,301.95422117251155,307.08832089768816,312.2224206192834,317.3565203406243,327.28244646864295,Up,Up,Up,20.238209405821408,20.238209405821408,30.32391195108958,1,2
DIS,111.6299973,207.36476276169347,209.6333377245475,211.9019126875383,214.1704876505466,218.5563992457005,Up,Up,Up,85.76078811899556,85.76078811899556,95.78644139741506,1,1
DISH,28.51000023,40.222054904525955,39.682802330177296,39.1435492048225,38.60429591035672,37.56173942605848,Up,Up,Up,41.0805141355341,41.0805141355341,31.749348028884533,1,2
DLR,146.1199951,165.6674579936809,167.25337082170438,168.83928364972786,170.42519647775134,173.49129461193007,Up,Up,Up,13.377678311789708,13.377678311789708,18.73206982603441,1,3
DLTR,162.4499969,124.593220968712,125.61169394498259,126.63016692125429,127.64863989752598,129.61768765165107,Down,Down,Down,-23.303648294060388,-23.303648294060388,-20.21071706671663,2,3
DOV,133.3000031,172.45461868582166,175.11767392473018,177.7807291636364,180.4437844025423,185.59235786442656,Up,Up,Up,29.37330433252005,29.37330433252005,39.229072429351326,1,2
DOW,66.5,76.53407982661427,78.31394214816349,80.09380446971271,81.87366679126193,85.31473394625708,Up,Up,Up,15.088841844532745,15.088841844532745,28.292833001890344,1,2
DPZ,338.0,489.29161255174034,496.61118904929975,503.93076554685916,511.2503420444186,525.4015232730335,Up,Up,Up,44.760832115899504,44.760832115899504,55.44423765474363,1,1
DRE,54.75,51.79572332990076,52.45018881910354,53.104654308306316,53.75911979750909,55.02441974330113,Down,Down,Up,-5.395939123468932,-5.395939123468932,0.5012232754358554,2,3
DRI,131.7299957,161.20710128032624,163.1919203475955,165.17673941486476,167.161558482134,170.99887534552124,Up,Up,Up,22.376912277031415,22.376912277031415,29.810127478445864,1,2
DTE,131.0399933,127.40009692831418,128.6155125857442,129.8309282431742,131.04634390060423,133.39614750496892,Down,Down,Up,-2.777698838363576,-2.777698838363576,1.7980420676417501,2,3
DUK,110.1600037,105.58297871974568,106.49222728669446,107.40147585364315,108.31072442059184,110.06860498335931,Down,Down,Down,-4.15488818674969,-4.15488818674969,-0.08296905734462759,2,3
DVA,108.3700027,129.85089685022174,131.26277714665125,132.6746574279068,134.08653767033536,136.81617281334408,Up,Up,Up,19.821808263387393,19.821808263387393,26.249118210406834,1,2
DVN,58.16999817,18.7079082429106,18.367535233325153,18.027162223739705,17.686789214154256,17.028734728955722,Down,Down,Down,-67.83924904340321,-67.83924904340321,-70.72591496532323,2,3
DXC,28.70000076,24.786731091863317,23.911164214771645,23.035597337679974,22.160030460588303,20.467267831544405,Down,Down,Down,-13.635085590627297,-13.635085590627297,-28.685479827337808,2,3
DXCM,408.5799866,472.5374465551737,481.66175094206596,490.78631453309464,499.91102080111784,517.5523108714285,Up,Up,Up,15.65359588153007,15.65359588153007,26.67098924209239,1,2
EA,118.0500031,155.1022537472597,156.52618558221758,157.95011737950762,159.37404916900704,162.12698395861642,Up,Up,Up,31.386912049356575,31.386912049356575,37.337551631641105,1,2
EBAY,51.91999817,61.659262879464116,62.35224299884194,63.04522311821976,63.73820323759758,65.0779648017277,Up,Up,Up,18.75821466244115,18.75821466244115,25.342771755586334,1,2
ECL,169.3399963,249.76696714084247,252.72446404927845,255.68196095830757,258.63945786734257,264.3572852247923,Up,Up,Up,47.49437380307919,47.49437380307919,56.110364356251196,1,1
ED,92.73999786,74.29733688931739,74.46830108405915,74.63926553484131,74.81023003635097,75.1407614272064,Down,Down,Down,-19.886415135057035,-19.886415135057035,-18.976964458594612,2,3
EFX,203.5200043,255.5969164261284,258.56646377830947,261.5360111304904,264.50555848267135,270.2466833635545,Up,Up,Up,25.588104867256224,25.588104867256224,32.786299947790674,1,2
EIX,68.79000092,54.62402021460046,54.3832313018448,54.14244238908803,53.90165347633137,53.43612824500186,Down,Down,Down,-20.59308113961795,-20.59308113961795,-22.319919275555865,2,3
EL,264.0599976,376.1849297038934,383.0031948082757,389.8214599124648,396.63972501667945,409.8217042181652,Up,Up,Up,42.46191514162667,42.46191514162667,55.20022265506726,1,1
EMN,102.6699982,124.45775489721179,125.74001792106982,127.0222809449278,128.3045439687858,130.78358581491122,Up,Up,Up,21.221152312450116,21.221152312450116,27.382475998632312,1,2
EMR,90.18000031,98.89248341825031,99.97046492992048,101.04844644159066,102.12642795326083,104.21052554248983,Up,Up,Up,9.661214325017239,9.661214325017239,15.558355715523325,1,3
ENPH,161.3999939,181.3935585065276,185.5851576099259,189.77675671332418,193.96835581672246,202.0721140832925,Up,Up,Up,12.387586965409172,12.387586965409172,25.19957975245778,1,2
EOG,116.7600021,65.50022035583775,65.14636085504317,64.79250135424859,64.438641853454,63.75451348525129,Down,Down,Down,-43.90183352365856,-43.90183352365856,-45.39695757229582,2,3
EPAM,264.9899902,564.4039233220834,575.7326447555675,587.0613661890683,598.3900876225713,620.2922823940117,Up,Up,Up,112.99065783432123,112.99065783432123,134.08140131098872,1,1
EQIX,719.0800171,800.8798824871119,810.5774614494028,820.275216668567,829.9732804340848,848.7231380583834,Up,Up,Up,11.375627668949157,11.375627668949157,18.029025682180013,1,3
EQR,81.5,77.64412504356306,78.15727818430793,78.67043132505279,79.18358446579765,80.17568053790438,Down,Down,Down,-4.73113491587354,-4.73113491587354,-1.624931855332044,2,3
ES,87.40000153,93.06605911572058,94.04259594697531,95.01913277823736,95.99566960950001,97.88364081660768,Up,Up,Up,6.482903302668374,6.482903302668374,11.995010415427945,1,3
ESS,329.269989,304.5418517243491,306.62046159473,308.6990714651109,310.77768133549176,314.7963270848948,Down,Down,Down,-7.509988186518543,-7.509988186518543,-4.39568208419541,2,3
ETN,145.0200043,160.8983492503421,163.07227172699214,165.24619420364218,167.4201166802922,171.62303346848228,Up,Up,Up,10.949072182824432,10.949072182824432,18.344385863793732,1,3
ETR,118.8499985,117.93107534137528,119.22396159211425,120.51684784285322,121.8097340935922,124.30931417835421,Down,Up,Up,-0.7731789400272662,-0.7731789400272662,4.593450355284789,2,3
ETSY,93.19000244,251.27891578818685,256.8652375685454,262.45155934891477,268.03788112928515,278.83810323800134,Up,Up,Up,169.6414950197815,169.6414950197815,199.21461094233806,1,1
EVRG,67.84999847,67.43800442065606,67.96529811989376,68.49259180102021,69.01988548269497,70.03931993520459,Down,Up,Up,-0.6072130562038401,-0.6072130562038401,3.2267082012869874,2,3
EW,105.7799988,112.02501422085065,113.77823552334762,115.53145682584459,117.28467812834155,120.67423931316902,Up,Up,Up,5.9037771712005815,5.9037771712005815,14.080393913909766,1,3
EXC,46.77999878,34.97391872995402,35.323494577303634,35.67307042465325,36.02264627200286,36.69849291021211,Down,Down,Down,-25.237452667684696,-25.237452667684696,-21.550889552605263,2,3
EXPD,99.06999969,125.32602135978088,127.01362688634369,128.70123241290668,130.3888379394699,133.65154195749216,Up,Up,Up,26.5024949550203,26.5024949550203,34.90616975441736,1,2
EXPE,174.75,188.5345632813368,189.84466669712495,191.1547701129131,192.46487352870125,194.99774013255833,Up,Up,Up,7.888162106630501,7.888162106630501,11.586689632365283,1,3
EXR,190.0,166.3818474659181,168.77884452267165,171.17584157942542,173.5728386361792,178.20703294590317,Down,Down,Down,-12.43060659688521,-12.43060659688521,-6.206824765314123,2,3
F,14.15999985,11.88949211125691,11.94689930255623,12.004306493855548,12.061713685154867,12.172700921666884,Down,Down,Down,-16.034659341773157,-16.034659341773157,-14.034597100176638,2,3
FANG,126.2300034,76.77005175151831,76.41184781457679,76.05364387763527,75.69543994069375,75.00291232927347,Down,Down,Down,-39.18240538404493,-39.18240538404493,-40.58234151226089,2,3
FAST,55.31000137,60.169820614127914,61.11577339917284,62.06172618421776,63.007678969262685,64.83652102034935,Up,Up,Up,8.786510800493065,8.786510800493065,17.223864426654142,1,3
FB,200.4700012,374.1378214505555,379.29315296291037,384.44848446638696,389.6038159717306,399.5707902160257,Up,Up,Up,86.6303283339111,86.6303283339111,99.31699896454418,1,1
FBHS,71.25,116.35289021291797,117.68174155603532,119.01059289915267,120.33944424227002,122.90855683896356,Up,Up,Up,63.302302053218206,63.302302053218206,72.50323766872079,1,1
FCX,40.54999924,-109.06624450959715,-125.98322566140891,-143.16572412209194,-160.6137398916463,-195.09945945971745,Down,Down,Down,-368.9673157922287,-368.9673157922287,-581.1330779687518,2,3
FDS,403.4899902,383.5483352735546,388.8693216124765,394.1903079513984,399.5112942903203,409.7985345455693,Down,Down,Up,-4.94229235192696,-4.94229235192696,1.5634946340161426,2,3
FDX,198.7400055,317.9811480338976,321.2644256449955,324.5477032560934,327.83098086719133,334.17865091531394,Up,Up,Up,59.99856054844359,59.99856054844359,68.14865737503159,1,1
FE,43.31000137,39.92319289593244,40.29578852942824,40.668384162843736,41.04097979625255,41.761331354175994,Down,Down,Down,-7.819922343418674,-7.819922343418674,-3.5757791891845607,2,3
FFIV,167.4100037,203.44209779592668,205.21051864001785,206.97893948410902,208.7473603282002,212.1663072934431,Up,Up,Up,21.523262230192927,21.523262230192927,26.734545489675003,1,2
FIS,99.15000153,171.02394711359315,173.1555794501236,175.2872117871055,177.4188441241012,181.5399999756148,Up,Up,Up,72.49011041300501,72.49011041300501,83.09631585904302,1,1
FISV,97.91999817,137.27307043955918,139.08003115019906,140.88699185785867,142.69395256565667,146.1874099341805,Up,Up,Up,40.189004294340236,40.189004294340236,49.2927008437877,1,2
FITB,37.52999878,44.546574092006146,45.09384370829026,45.64111332457437,46.18838294085848,47.2464375323411,Up,Up,Up,18.69591137782112,18.69591137782112,25.889792347979125,1,2
FLT,249.5200043,328.226285728062,332.4756040468771,336.7249223656922,340.97424068450727,349.18958943421643,Up,Up,Up,31.54307473216968,31.54307473216968,39.94452685820846,1,2
FMC,132.5399933,132.53465084834463,134.2367583681423,135.93886588793995,137.64097340773762,140.93171461267977,Down,Up,Up,-0.004030822336978476,-0.004030822336978476,6.33146351055367,2,3
FOX,33.24000168,46.603973565343445,47.68778690407243,48.77160024280142,49.85541358153041,51.95078603640645,Up,Up,Up,40.2044861910592,40.2044861910592,56.2899621261585,1,1
FOXA,35.84000015,47.352638657099426,48.45386281191562,49.555086966731814,50.65631112154801,52.78534448752598,Up,Up,Up,32.12231712867173,32.12231712867173,47.28053645816176,1,2
FRC,149.2200012,208.85226587945587,211.5962758009342,214.34028572241252,217.08429564389084,222.38938149208226,Up,Up,Up,39.96264857251312,39.96264857251312,49.03456621342143,1,2
FRT,117.0599976,109.50720743611679,109.44381865256726,109.38042986901773,109.3170410854682,109.19448943727245,Down,Down,Down,-6.452067588187971,-6.452067588187971,-6.719210937970796,2,3
FTNT,289.0100098,250.8131490450472,255.7359708086956,260.6588360146491,265.5816945577656,275.0992188014349,Down,Down,Down,-13.216449070876706,-13.216449070876706,-4.8132557789924215,2,3
FTV,57.5,75.57754370009975,76.14554895607769,76.71355421205563,77.28155946803356,78.37970296292424,Up,Up,Up,31.43920643495609,31.43920643495609,36.31252689204216,1,2
GD,236.5299988,189.91112437403498,190.32020131234557,190.72927825065617,191.13835518896676,191.92923726970056,Down,Down,Down,-19.70949759543355,-19.70949759543355,-18.85628112990944,2,3
GE,74.55000305,-173.3642230499613,-209.1521330757426,-246.15467372627643,-284.37184500156286,-361.7025287497484,Down,Down,Down,-332.54757338331365,-332.54757338331365,-585.1811052337018,2,3
GILD,59.34000015,62.09024512585212,62.21725266305877,62.344260200265424,62.471267737472076,62.71681564273827,Up,Up,Up,4.634723574149029,4.634723574149029,5.690622656222334,1,3
GIS,70.73000336,62.784589483741655,63.13717430506259,63.48975912638352,63.84234394770445,64.52400793559158,Down,Down,Down,-11.233441960716377,-11.233441960716377,-8.774204905408071,2,3
GL,98.08000183,109.19200724411401,110.01619620431175,110.8403851645095,111.66457412470724,113.25800611442288,Up,Up,Up,11.329532225513427,11.329532225513427,15.475126428658308,1,3
GLW,35.18999863,48.08522506183176,48.60819138168413,49.13115770185716,49.65412402199601,50.66519224091673,Up,Up,Up,36.644577817171005,36.644577817171005,43.976113138361704,1,2
GM,37.90999985,64.57181623889413,65.36170736394236,66.1515977650239,66.9414880657515,68.46860939670786,Up,Up,Up,70.32924424792402,70.32924424792402,80.60830827649784,1,1
GNRC,219.3800049,-227.58809977964367,-294.6617870000483,-363.3499365420137,-433.65254840553956,-574.1488289468241,Down,Down,Down,-203.74149635167763,-203.74149635167763,-361.71429306355355,2,3
GOOG,2299.330078,2657.5051064280024,2683.1239248479255,2708.7424508318086,2734.360553034552,2783.8894844700753,Up,Up,Up,15.577364548701494,15.577364548701494,21.073938496536094,1,3
GOOGL,2282.189941,2574.495426706469,2597.231996495397,2619.9655395142163,2642.700231272722,2686.6532909575844,Up,Up,Up,12.808113840795732,12.808113840795732,17.72259804897564,1,3
GPC,130.0500031,133.36786583481305,134.64239196227447,135.91691799833904,137.19144401318403,139.65552763161062,Up,Up,Up,2.5512208040947346,2.5512208040947346,7.386024069699254,1,3
GPN,136.9799957,251.22074327505524,255.18571754745417,259.1506918093259,263.11566606843166,270.78128297013103,Up,Up,Up,83.39958472860081,83.39958472860081,97.67943602741043,1,1
GRMN,109.7399979,159.71273727061111,162.37587412286,165.03901097247612,167.70214782144828,172.85087906271352,Up,Up,Up,45.53739778284715,45.53739778284715,57.509460880638045,1,1
GS,305.4899902,382.00012494653,386.28775010951756,390.5753752725027,394.86300043548766,403.15240908392417,Up,Up,Up,25.045054568380404,25.045054568380404,31.9691060319148,1,2
GWW,500.0299988,498.3554738378566,505.93664252874504,513.5178112193028,521.0989799098486,535.755906044909,Down,Up,Up,-0.33488490013839145,-0.33488490013839145,7.144752780962355,2,3
HAL,35.61999893,13.054756467252384,12.39257512830665,11.730393789370249,11.068212450434785,9.787995195159752,Down,Down,Down,-63.34992459458678,-63.34992459458678,-72.52106825046512,2,3
HAS,88.05999756,100.39008176606572,100.71337679109035,101.03667181611499,101.35996684113962,101.98500388952058,Up,Up,Up,14.001912954476945,14.001912954476945,15.813089615443984,1,3
HBAN,13.14999962,15.869898527041194,15.991115150198652,16.11233177335611,16.23354839651357,16.46790053461799,Up,Up,Up,20.68364247634248,20.68364247634248,25.231186391608357,1,2
HCA,214.5500031,232.89478527048178,236.45307421810827,240.01137056780595,243.56966607890627,250.449036247161,Up,Up,Up,8.550352787425235,8.550352787425235,16.732245457218077,1,3
HD,300.3999939,367.6096890306715,372.9692815584589,378.32887408624737,383.68846661403603,394.0503455010941,Up,Up,Up,22.373400963864494,22.373400963864494,31.17521754420185,1,2
HES,103.0699997,81.87885319630674,82.76497047436045,83.65108775241417,84.53720503046789,86.25036510137174,Down,Down,Down,-20.55995591866996,-20.55995591866996,-16.31865203025537,2,3
HIG,69.93000031,70.22892830098863,70.85312637962525,71.47732445826188,72.1015225368985,73.3083054889293,Up,Up,Up,0.4274674526862313,0.4274674526862313,4.830981215434389,1,3
HII,212.7400055,214.4711165506436,215.22164531926305,215.9721740878825,216.72270285650197,218.1737251424996,Up,Up,Up,0.813721446784296,0.813721446784296,2.55415977344214,1,3
HLT,155.2899933,148.65417362278492,150.77100075083038,152.88782787477325,155.00465500333635,159.09718744946457,Down,Down,Up,-4.2731791895924225,-4.2731791895924225,2.451667405323134,2,3
HOLX,71.98999786,70.9353580121413,71.53013543988038,72.12479049452605,72.71947987863213,73.86920181009057,Down,Up,Up,-1.4649810796073126,-1.4649810796073126,2.6103681149499205,2,3
HON,193.5099945,248.5631282839998,251.70398324794735,254.84483821189497,257.9856931758428,264.05801277280887,Up,Up,Up,28.44976246640314,28.44976246640314,36.457041123428304,1,2
HPE,15.40999985,16.38652962603732,16.477920844923176,16.569312098122392,16.66070335813512,16.837393129593693,Up,Up,Up,6.336987576526933,6.336987576526933,9.262772832497417,1,3
HPQ,36.63000107,37.941220447557626,38.44396115615761,38.9467018647576,39.44944257335759,40.42140794331756,Up,Up,Up,3.579632375800057,3.579632375800057,10.350550812357818,1,3
HRL,52.38999939,49.21441878219782,49.62748561739787,50.04055245259793,50.453619287797984,51.25221516918476,Down,Down,Down,-6.061425166590715,-6.061425166590715,-2.1717584158483834,2,3
HSIC,81.09999847,73.7588529691222,73.88848837029902,74.01812377147583,74.14775917265264,74.39838761492781,Down,Down,Down,-9.051967496144146,-9.051967496144146,-8.263392085699246,2,3
HST,20.35000038,18.745569569949996,18.809784785066757,18.874000000183518,18.93821521530028,19.062364631192683,Down,Down,Down,-7.884180737543576,-7.884180737543576,-6.327448278933733,2,3
HSY,225.7700043,180.1917454791823,182.15894374118625,184.12614200319047,186.09334026519468,189.89659023840284,Down,Down,Down,-20.187915999795074,-20.187915999795074,-15.889362350336445,2,3
HUM,444.5599976,505.44880550750617,512.1573632637011,518.8659210198977,525.5744787760942,538.5443571047409,Up,Up,Up,13.696420783745792,13.696420783745792,21.140984346797865,1,3
HWM,34.11999893,33.08903082588992,33.22616405283366,33.36329727977856,33.50043050672366,33.76555474548413,Down,Down,Down,-3.0215947726879957,-3.0215947726879957,-1.0388165170902897,2,3
IBM,132.2100067,131.99202464325634,132.29348680611756,132.59494896015784,132.89641111715102,133.47923795516482,Down,Up,Up,-0.16487561129793438,-0.16487561129793438,0.9600114899357397,2,3
ICE,115.8099976,133.07107214330165,134.84276628188425,136.61446042046632,138.38615455904812,141.81142989363934,Up,Up,Up,14.904649772051846,14.904649772051846,22.45180280846439,1,3
IDXX,430.480011,657.8065822962876,669.2998132139005,680.7930441315134,692.2862750491263,714.5065214898445,Up,Up,Up,52.80769501194973,52.80769501194973,65.97902416654708,1,1
IEX,189.8200073,257.1368070581591,260.8260207795621,264.5152345010194,268.204448222451,275.33692808387667,Up,Up,Up,35.46349023776437,35.46349023776437,45.05158439316775,1,2
IFF,121.3000031,143.36698780361922,143.81570721899658,144.26442663437393,144.7131460497513,145.58067025281417,Up,Up,Up,18.19207266254326,18.19207266254326,20.01703753692169,1,3
ILMN,296.6499939,449.2326512086758,455.33914736328694,461.4456435178981,467.5521396725092,479.35803223809074,Up,Up,Up,51.43524707440614,51.43524707440614,61.590440618610344,1,1
INCY,74.95999908,74.52651087636639,73.37596461767731,72.22541835898824,71.07487210029916,68.85048266683361,Down,Down,Down,-0.5782927013792799,-0.5782927013792799,-8.150368847585089,2,3
INTC,43.59000015,64.22524732861592,64.96013538121491,65.6950234338139,66.42991148641289,67.85069505477094,Up,Up,Up,47.339406073885776,47.339406073885776,55.65656072788735,1,1
INTU,418.75,495.50826979581666,504.209709818793,512.9111498520249,521.6125898866673,538.4353739538979,Up,Up,Up,18.330333085568157,18.330333085568157,28.581581839736803,1,2
IP,46.27999878,56.214918983250676,56.571413832525366,56.92790868179999,57.2844035310746,57.97362690633885,Up,Up,Up,21.46698458329276,21.46698458329276,25.26713144900141,1,2
IPG,32.61999893,33.91996615996869,34.25689703946673,34.59382805542898,34.93075907611106,35.582159029081176,Up,Up,Up,3.9851847719502254,3.9851847719502254,9.080809921047948,1,3
IPGP,94.48000336,266.4910865737855,271.6545565213709,276.81785206957494,281.9811913230356,291.96367656454106,Up,Up,Up,182.06083519955695,182.06083519955695,209.02166191936197,1,1
IQV,217.9900055,276.41004996505853,280.8589915945897,285.3079332241209,289.7568748536521,298.3581620040791,Up,Up,Up,26.799414189224624,26.799414189224624,36.8678170908524,1,2
IR,43.95999908,63.27397056196471,64.74545824945224,66.21694593693988,67.68843362442752,70.53330982023695,Up,Up,Up,43.9353318611687,43.9353318611687,60.448842803381034,1,1
IRM,53.72999954,41.83719765879474,42.22961082974607,42.6220240006974,43.01443717164873,43.773102635487966,Down,Down,Down,-22.13437927233092,-22.13437927233092,-18.531354903696755,2,3
ISRG,239.3000031,342.06621033537056,347.8507680939809,353.63531552378794,359.41987167624836,370.6033431258815,Up,Up,Up,42.944507272917186,42.944507272917186,54.86976110527326,1,1
IT,290.5499878,218.43688166609394,220.8551334611546,223.27338525621525,225.6916370512759,230.36692385505984,Down,Down,Down,-24.81951786676553,-24.81951786676553,-20.71349732300356,2,3
ITW,197.1100006,255.67656229764887,258.7633395361568,261.85011677467674,264.93689401319784,270.90466334100614,Up,Up,Up,29.71262823772162,29.71262823772162,37.43831490861765,1,2
IVZ,18.37999916,54.5030056227719,57.852100972229,61.27120742027357,64.7603249669056,71.7044725832777,Up,Up,Up,196.53432053133943,196.53432053133943,290.12228433245315,1,1
J,138.5500031,155.29462901792974,157.68994484935794,160.08526068078615,162.48057651221436,167.11152045297555,Up,Up,Up,12.085619302255894,12.085619302255894,20.61459163762051,1,3
JBHT,170.8500061,194.59563591749946,197.13296064925666,199.67028538140758,202.20761011357177,207.1131045957471,Up,Up,Up,13.89852441889931,13.89852441889931,21.225108107120576,1,3
JCI,59.86999893,-42.51527631460202,-55.218078618166686,-68.24264059434307,-81.58896224313118,-108.30421819134942,Down,Down,Down,-171.01265587846572,-171.01265587846572,-280.8989813378462,2,3
JKHY,189.5800018,181.58051504072185,183.6438830531237,185.70725106552553,187.77061907792736,191.75979723523758,Down,Down,Up,-4.219583649818355,-4.219583649818355,1.1498024129872089,2,3
JNJ,180.4600067,173.23936002202225,174.75215038270358,176.2649407433849,177.77773110406622,180.70245913471678,Down,Down,Up,-4.001244824279259,-4.001244824279259,0.13435244692184065,2,3
JNPR,31.52000046,24.214405813637935,24.15678983946616,24.099173864943857,24.04155789038757,23.930167006264522,Down,Down,Down,-23.17764765147489,-23.17764765147489,-24.0794205043469,2,3
JPM,119.3600006,171.97337146773305,174.19891770012453,176.424463932516,178.65001016490748,182.95273288086435,Up,Up,Up,44.0795665241753,44.0795665241753,53.27809313102863,1,1
K,68.5,60.64343001944144,60.68298784173605,60.72254566403066,60.76210348632527,60.83858194276152,Down,Down,Down,-11.46944522709279,-11.46944522709279,-11.18455190837734,2,3
KEY,19.30999947,22.589267239361728,22.75539573857243,22.92152423778314,23.087652736993846,23.408834502134546,Up,Up,Up,16.982226097190704,16.982226097190704,21.226489614888347,1,3
KEYS,140.2700043,174.7391242493101,177.92434472273786,181.10956519579582,184.29478566874437,190.45287858306258,Up,Up,Up,24.573407637166575,24.573407637166575,35.7759127002911,1,2
KHC,42.63000107,144.11162870757948,156.84807112765748,169.90435301727913,183.28047437644454,210.04789825558163,Up,Up,Up,238.05213485907024,238.05213485907024,392.7231831654787,1,1
KIM,25.32999992,21.843960948704,21.987788761143243,22.131616573582484,22.275444386021725,22.553511490070925,Down,Down,Down,-13.762491047398303,-13.762491047398303,-10.961265056052454,2,3
KLAC,319.2600098,378.4055358359888,385.09971949774416,391.7939031594995,398.48808682125485,411.43017523398186,Up,Up,Up,18.525817271333317,18.525817271333317,28.869937544549273,1,2
KMB,138.8300018,134.38636908479944,134.96123124314275,135.53609340148606,136.11095555982936,137.22235573262643,Down,Down,Down,-3.2007726410621933,-3.2007726410621933,-1.1579961438663364,2,3
KMI,18.14999962,16.358485317783945,16.367077282620187,16.37566924745643,16.38426121229267,16.400872344309406,Down,Down,Down,-9.870602422723655,-9.870602422723655,-9.637065081605735,2,3
KMX,85.77999878,154.0869151186164,156.31877641007395,158.55063770126262,160.78249899241865,165.09743082197903,Up,Up,Up,79.63035359070496,79.63035359070496,92.46611467715742,1,1
KO,64.61000061,56.69626358204398,57.16026793663774,57.62427229123149,58.088276645825246,58.98535173137317,Down,Down,Down,-12.248470752577536,-12.248470752577536,-8.705539120140907,2,3
KR,53.95999908,38.65755465286306,38.94576740827056,39.23398016367806,39.52219291908556,40.07940424620673,Down,Down,Down,-28.35886710162809,-28.35886710162809,-25.72386039742919,2,3
L,62.84000015,58.30471557039506,58.591691827479515,58.87866808456064,59.16564434164084,59.72046510532892,Down,Down,Down,-7.217193775905713,-7.217193775905713,-4.964250536640207,2,3
LDOS,103.5100021,114.12050171437579,115.63346392889235,117.146426143665,118.65938835762869,121.58444863825046,Up,Up,Up,10.250699834905905,10.250699834905905,17.46154591011304,1,3
LEN,76.48999786,117.9546859538479,119.5844103157524,121.21998693663052,122.85509258033915,126.01364168740713,Up,Up,Up,54.20929435733663,54.20929435733663,64.74525456001513,1,1
LH,240.2799988,301.42208099663156,305.140921341626,308.85976168662154,312.5786020316166,319.76836003194,Up,Up,Up,25.446180498579054,25.446180498579054,33.08155553059709,1,2
LHX,232.2599945,234.94508332784238,238.06706889182334,241.1890544558021,244.31104001978073,250.34687877680537,Up,Up,Up,1.1560703054448656,1.1560703054448656,7.7873437979459545,1,3
LIN,311.9599915,330.08356980173585,335.0982651972261,340.112960633636,345.1276560716186,354.82273391607265,Up,Up,Up,5.809584176032344,5.809584176032344,13.739820356442294,1,3
LKQ,49.63000107,50.48079004742356,50.93021757188374,51.37964509634393,51.82907262080412,52.69796583476049,Up,Up,Up,1.714263467823782,1.714263467823782,6.181673783229055,1,3
LLY,292.1300049,209.95038774578464,213.11890582137673,216.28742389523066,219.45594196917767,225.58174357893452,Down,Down,Down,-28.131179877379097,-28.131179877379097,-22.78035812988325,2,3
LMT,432.1199951,407.691737842372,411.6993108242877,415.70695359573745,419.714642186404,427.4628239898641,Down,Down,Down,-5.653118933312696,-5.653118933312696,-1.0777495054488608,2,3
LNC,60.15000153,63.61726407609532,63.75213345995129,63.88700284380726,64.02187222766322,64.2826197031181,Up,Up,Up,5.764359863508918,5.764359863508918,6.870520478801565,1,3
LNT,58.81000137,60.68108878173394,61.308249184731714,61.93540958772511,62.5625699907184,63.77508010317214,Up,Up,Up,3.1815802893152334,3.1815802893152334,8.442575442116732,1,3
LOW,197.7299957,225.91366912301604,229.37221504903286,232.83076097504969,236.2893069010665,242.97582902469904,Up,Up,Up,14.253615554504384,14.253615554504384,22.882635062283093,1,3
LRCX,465.7600098,746.9040905453269,761.0733932633505,775.242695981374,789.4119986993976,816.8059839542432,Up,Up,Up,60.362434479089735,60.362434479089735,75.37056998624342,1,1
LUMN,10.06000042,10.760579662647464,10.64410473616451,10.527629809681555,10.4111548831986,10.185970025331555,Up,Up,Up,6.964008085473463,6.964008085473463,1.2521829033040448,1,3
LUV,46.72000122,65.04866636690528,65.29720064904711,65.54573493118882,65.79426921333068,66.27476882547161,Up,Up,Up,39.23087471808349,39.23087471808349,41.855237788608115,1,2
LVS,35.43000031,63.900713993776556,64.19655135496885,64.49238871616106,64.78822607735327,65.36017830899155,Up,Up,Up,80.35764446702755,80.35764446702755,84.47693405902642,1,1
LW,66.09999847,90.58682634189084,91.77832638133184,92.96982642077283,94.16132646021383,96.46489320313309,Up,Up,Up,37.045126230985275,37.045126230985275,45.93781457788449,1,2
LYB,106.0299988,107.74524134655114,108.68977267818967,109.6343040098282,110.57883534146673,112.40492924930122,Up,Up,Up,1.6176955257601477,1.6176955257601477,6.012383779543359,1,3
LYV,104.8799973,95.81421617336395,97.29813765759589,98.77881244123631,100.26218545496653,103.13168010593766,Down,Down,Down,-8.643956292927989,-8.643956292927989,-1.6669691448040664,2,3
MA,363.3800049,455.02395993000374,462.97138399791373,470.9188081013276,478.8662321711943,494.2312520452746,Up,Up,Up,25.21986729985971,25.21986729985971,36.00947916253235,1,2
MAA,196.6799927,173.86814045017135,175.92830707803333,177.9884737058953,180.04864033375728,184.03162914762376,Down,Down,Down,-11.598461000872643,-11.598461000872643,-6.430935540896149,2,3
MAR,177.5200043,164.25371109433672,165.9356439907741,167.6175768872115,169.2995097836489,172.55124671676117,Down,Down,Down,-7.473125779810094,-7.473125779810094,-2.7989846005421937,2,3
MAS,52.68999863,70.79663312979893,71.6388854561625,72.48113778252606,73.32339010888963,74.95174460652585,Up,Up,Up,34.36446189142544,34.36446189142544,42.2504204884354,1,2
MCD,249.1600037,260.534436257461,263.6826546477362,266.8308730380102,269.9790914282853,276.0656469828163,Up,Up,Up,4.565111730836347,4.565111730836347,10.798540248543228,1,3
MCHP,65.19999695,82.68008654900281,83.48538035295614,84.3216385233408,85.21360259139443,86.83084728692607,Up,Up,Up,26.809954626850345,26.809954626850345,33.17615237545816,1,2
MCK,309.6099854,201.12554790208029,202.73580557817857,204.34606326182274,205.95632094659095,209.0694858041471,Down,Down,Down,-35.03906288996574,-35.03906288996574,-32.47327422788378,2,3
MCO,316.480011,384.68652889981115,391.0158393041897,397.34514970857714,403.6744601129703,415.9111268947989,Up,Up,Up,21.55160374403904,21.55160374403904,31.417818642201357,1,2
MDLZ,64.48000336,66.16615753718777,66.77121092522667,67.3762642968161,67.98131766557609,69.15108751147888,Up,Up,Up,2.6150032402662298,2.6150032402662298,7.244236830137287,1,3
MDT,104.3600006,142.7791168386033,144.34548334442277,145.91184985023733,147.4782163560523,150.5065249339617,Up,Up,Up,36.814024547450316,36.814024547450316,44.218593396560124,1,2
MET,65.68000031,68.05714272204521,68.74285147607746,69.42856023010964,70.11426898414189,71.4399725752709,Up,Up,Up,3.619278929393197,3.619278929393197,8.769750666998593,1,3
MGM,41.04000092,43.774839651686406,44.10964050424231,44.44444135679821,44.77924220935411,45.42652385762885,Up,Up,Up,6.663836916128435,6.663836916128435,10.688408477815535,1,3
MHK,141.0599976,197.29946580526598,196.4301512263189,195.56083664737184,194.69152206842477,193.01084721579377,Up,Up,Up,39.86918273226029,39.86918273226029,36.828902948878095,1,2
MKC,100.5699997,101.14800776563764,102.4347260343816,103.72144430312555,105.0081625718695,107.49581789144115,Up,Up,Up,0.5747320944236286,0.5747320944236286,6.886564792781989,1,3
MKTX,263.6099854,571.8128106680751,580.8137504392471,589.814690210419,598.815629981591,616.2174468725234,Up,Up,Up,116.91621802581196,116.91621802581196,133.76104131164803,1,1
MLM,354.2200012,389.3924530504997,393.47179807094477,397.5511430913903,401.63048811183586,409.5172218180306,Up,Up,Up,9.929549921332807,9.929549921332807,15.610981997261245,1,3
MMC,161.6999969,152.11224829705742,154.0640033686772,156.0157584402945,157.96751351191187,161.7409066503721,Down,Down,Up,-5.92934371475092,-5.92934371475092,0.02529978426492742,2,3
MMM,144.2200012,197.46874184518336,198.1751366485597,198.881531451936,199.58792625531234,200.95362287517324,Up,Up,Up,36.92188337409565,36.92188337409565,39.33824795667331,1,2
MNST,85.68000031,111.78615049851966,113.3488166326198,114.91148276670418,116.47414890078102,119.4953034266634,Up,Up,Up,30.469362854884036,30.469362854884036,39.4669736161482,1,2
MO,55.56999969,43.263561976805235,43.056880542544306,42.85019910828338,42.64351767402245,42.24393356778465,Down,Down,Down,-22.145830091500525,-22.145830091500525,-23.98068417591411,2,3
MOH,313.4500122,309.21362303819126,315.11786262355304,321.0221022089148,326.9263417942766,338.3412049926427,Down,Up,Up,-1.3515358101519783,-1.3515358101519783,7.941040620142205,2,3
MOS,62.41999817,37.41882916179131,37.69398855048588,37.969147939158454,38.24430732784167,38.7762821459589,Down,Down,Down,-40.053139604583706,-40.053139604583706,-37.878431139404654,2,3
MPC,87.26000214,58.09829948733194,58.47220317917929,58.846106871026635,59.22001056287398,59.94289103377885,Down,Down,Down,-33.41932378809824,-33.41932378809824,-31.305421082151202,2,3
MPWR,392.2399902,473.2056215915763,484.89679725779894,496.56184642540313,508.1845801188372,530.5461682017537,Up,Up,Up,20.64186044627743,20.64186044627743,35.26060102419249,1,2
MRK,88.69000244,73.99752748155463,74.52442229223722,75.05131713839246,75.57821197585199,76.59687532229539,Down,Down,Down,-16.566100523432766,-16.566100523432766,-13.635276564442286,2,3
MRNA,134.4100037,228.4065567630453,233.71298327039747,239.01940977774964,244.32583628510181,254.58492753264935,Up,Up,Up,69.93270625365312,69.93270625365312,89.40921101443979,1,1
MRO,24.92000008,10.342600391495884,10.259984420619867,10.17736844974385,10.094752478867834,9.935028268507535,Down,Down,Down,-58.49678828935267,-58.49678828935267,-60.13231044697679,2,3
MS,80.58999634,93.46289620623375,94.79574598080092,96.12859573977431,97.46144549570643,100.03828835592148,Up,Up,Up,15.973322311524193,15.973322311524193,24.13238974955571,1,3
MSCI,421.25,591.6218820478646,603.1500374642458,614.6781927099388,626.2063480084141,648.4941149457952,Up,Up,Up,40.44436369088773,40.44436369088773,53.94519049158344,1,1
MSFT,277.519989,301.82234476228297,307.3358290454609,312.84931332863886,318.3627976118168,329.02220055929416,Up,Up,Up,8.75697489389961,8.75697489389961,18.558018737631958,1,3
MSI,213.6900024,217.2503572195556,220.46047895177128,223.67060067841842,226.88072240629864,233.08695774653322,Up,Up,Up,1.6661307405907975,1.6661307405907975,9.077146861660205,1,3
MTB,166.6399994,157.42541575353937,157.89220539358232,158.35899504005985,158.8257846874717,159.72824467263058,Down,Down,Down,-5.5296349493749615,-5.5296349493749615,-4.147716485991186,2,3
MTCH,79.15000153,193.8023629674409,197.8839767505729,201.96559054025124,206.0472043331037,213.93832433191136,Up,Up,Up,144.8545283906085,144.8545283906085,170.2947823075189,1,1
MTD,1277.530029,1540.10823898756,1564.219718975364,1588.3311940327105,1612.4426708093256,1659.0581929768223,Up,Up,Up,20.553584184091225,20.553584184091225,29.864516317903494,1,2
MU,68.19000244,102.15218630013361,103.8730633284127,105.59394035669179,107.31481738497088,110.64184630631046,Up,Up,Up,49.80522458554938,49.80522458554938,62.25523148157033,1,1
NCLH,20.03000069,25.176082984965955,24.47431891695908,23.772554848952208,23.070790780945334,21.714046916132045,Up,Up,Up,25.69187277929122,25.69187277929122,8.407619411480125,1,3
NDAQ,157.3699951,187.04085290055696,189.9304290168074,192.82000999214958,195.7095931341665,201.29612246536757,Up,Up,Up,18.85420265896478,18.85420265896478,27.912644553019728,1,2
NDSN,215.6900024,236.20611584514543,239.04140428482472,241.8766927244462,244.71198116406364,250.19353881399005,Up,Up,Up,9.511851832194813,9.511851832194813,15.996817668907426,1,3
NEE,71.01999664,89.18108658805812,90.56566292912854,91.95023926921067,93.33481560930665,96.01166320020553,Up,Up,Up,25.571797813672948,25.571797813672948,35.18961946293543,1,2
NEM,72.84999847,69.13399527215077,70.0698081052447,71.00562093831533,71.94143377138337,73.75067191531429,Down,Down,Up,-5.100896741102201,-5.100896741102201,1.2363396900896086,2,3
NFLX,190.3600006,613.4683171283351,624.126303485594,634.7842912449292,645.4422787880796,666.0477213765876,Up,Up,Up,222.2674486208922,222.2674486208922,249.8884845961634,1,1
NI,29.12000084,26.450734917244326,26.586993147907545,26.723251378570886,26.85950960923423,27.122942188516696,Down,Down,Down,-9.16643490988194,-9.16643490988194,-6.858030885562652,2,3
NKE,124.6999969,153.93969475299312,156.30460671898558,158.66951868497804,161.0344306509705,165.6065937852226,Up,Up,Up,23.448034145855797,23.448034145855797,32.804007940775335,1,2
NLOK,25.04000092,22.723957296926848,22.850161807931837,22.976366306661077,23.102570805768785,23.346566171405428,Down,Down,Down,-9.249375151672929,-9.249375151672929,-6.762918076580378,2,3
NLSN,26.80999947,22.72438844126439,22.444031882741182,22.163675324217973,21.883318765694764,21.341296085883226,Down,Down,Down,-15.239131329738923,-15.239131329738923,-20.397998852018535,2,3
NOC,439.3999939,380.45760009979625,384.0434879870491,387.62937587430196,391.2152637615548,398.147980343577,Down,Down,Down,-13.414290991915232,-13.414290991915232,-9.388259929245994,2,3
NOW,478.1000061,623.1967166112273,635.4836062003634,647.7704957894995,660.0573853786356,683.8120385842986,Up,Up,Up,30.34861088892744,30.34861088892744,43.026988048452715,1,2
NRG,35.90000153,40.42578737292657,41.01317983286579,41.60058334821041,42.18798777956536,43.323633100938764,Up,Up,Up,12.60664526474903,12.60664526474903,20.678638592076872,1,3
NSC,257.8800049,321.5129621099647,326.49518400599845,331.47740590203244,336.45962779806575,346.09192346373004,Up,Up,Up,24.67541337089709,24.67541337089709,34.20657549542726,1,2
NTAP,73.25,83.9390702482029,85.0751040665518,86.21110558764249,87.34709819441787,89.54336682738113,Up,Up,Up,14.592587369560267,14.592587369560267,22.243504201202917,1,3
NTRS,103.0500031,122.21531090988097,123.1740622949581,124.13281368003518,125.09156506511226,126.94515107626128,Up,Up,Up,18.59806621381943,18.59806621381943,23.1879158247801,1,3
NUE,154.7799988,88.30126933499507,89.09819057051519,89.8951120248163,90.69203356881646,92.23274855220279,Down,Down,Down,-42.95046516372303,-42.95046516372303,-40.410421716450614,2,3
NVDA,185.4700012,185.2499246772616,188.94799396009938,192.64607481475394,196.3441657400391,203.4938202246403,Down,Up,Up,-0.11865882423816139,-0.11865882423816139,9.717916055440392,2,3
NVR,4376.209961,5831.437066951217,5917.656533624491,6003.876000297765,6090.095466971039,6256.786435872702,Up,Up,Up,33.253137279059764,33.253137279059764,42.97272049632133,1,2
NWL,23.14999962,45.26750983731438,47.73296341572717,50.27901329703414,52.90565948123528,58.21237739845298,Up,Up,Up,95.54000250698225,95.54000250698225,151.45735790060883,1,1
NWS,19.90999985,27.387229598570826,27.75803133385746,28.128833069144356,28.499634804431288,29.216518159319357,Up,Up,Up,37.55514718685861,37.55514718685861,46.742935105141946,1,2
NWSA,19.86000061,-4.949230085845125,-8.516548107376197,-12.134194121606946,-15.802168128537375,-23.03629236123563,Down,Down,Down,-124.92059382592902,-124.92059382592902,-215.99341215345325,2,3
NXPI,170.8999939,218.0838175886517,220.7789885225124,223.47415945637312,226.16933039023382,231.37999419569786,Up,Up,Up,27.60902596419092,27.60902596419092,35.38911787854538,1,2
O,69.36000061,69.80205620916685,70.35301369503593,70.903971180905,71.45492866677408,72.5201131394543,Up,Up,Up,0.6373350566307748,0.6373350566307748,4.556102222696182,1,3
ODFL,280.1199951,313.805091777828,319.767951717079,325.7083750669783,331.665855835249,343.1780961486783,Up,Up,Up,12.025238207577003,12.025238207577003,22.511103152835354,1,3
OGN,32.33000183,0.0,0.0,0.0,0.0,0.0,Down,Down,Down,-100.0,-100.0,-100.0,2,3
OKE,63.33000183,53.54199133496968,53.87983466040956,54.217677985849434,54.55552131128931,55.20868507380641,Down,Down,Down,-15.455566417485322,-15.455566417485322,-12.823806286938163,2,3
OMC,76.12999725,81.9964809021719,82.29404019543645,82.59159948870101,82.88915878196556,83.46444008227704,Up,Up,Up,7.705876611169711,7.705876611169711,9.634103634854702,1,3
ORCL,73.40000153,84.00379471121475,84.99146342111156,85.97913212832344,86.96680083641112,88.87629367199318,Up,Up,Up,14.446584414416913,14.446584414416913,21.0848662389574,1,3
ORLY,606.5499878,641.508813451111,650.7986656958341,660.0890253289194,669.3794320412844,687.3406609831435,Up,Up,Up,5.763552279987523,5.763552279987523,13.31970568100693,1,3
OTIS,72.83999634,99.69042375167378,102.00813608353486,104.32584841539595,106.64356074725704,111.12447125552181,Up,Up,Up,36.86220313128832,36.86220313128832,52.55968813729599,1,1
OXY,55.09000015,18.218556469877225,17.457710125447516,16.696863781017807,15.936017436588093,14.46504783735722,Down,Down,Down,-66.92946738015716,-66.92946738015716,-73.74287929211918,2,3
PARA,29.12000084,33.7533344498361,33.11987093469291,32.48640741954972,31.852943904406505,30.628247775129463,Up,Up,Up,15.911172651724772,15.911172651724772,5.179419270681118,1,3
PAYC,281.4700012,475.5491117485526,485.19679859303415,494.8444854375128,504.49217228199126,523.1443668479819,Up,Up,Up,68.95196991548973,68.95196991548973,85.86150020167119,1,1
PAYX,126.7300034,109.09712053703926,110.43648735556579,111.77585417627834,113.11522099736605,115.70466351797931,Down,Down,Down,-13.913739753723341,-13.913739753723341,-8.699865530044395,2,3
PCAR,83.05000305,96.43380344920264,97.39594309966792,98.35808249030137,99.3202219395393,101.18035818518943,Up,Up,Up,16.115352086314754,16.115352086314754,21.830649571769563,1,3
PEAK,32.81000137,35.611559407719014,35.86233727237766,36.1131151370363,36.36389300169495,36.84873020670166,Up,Up,Up,8.538731852296207,8.538731852296207,12.309444279372968,1,3
PEG,69.66000366,68.57978228428225,69.3107206911546,70.04165909802695,70.77259750489931,72.1857450915192,Down,Up,Up,-1.550705310022884,-1.550705310022884,3.625812946905598,2,3
PENN,36.56999969,109.01712376884744,111.12635921254152,113.23559465623559,115.34483009992967,119.42268529107155,Up,Up,Up,198.10534507239268,198.10534507239268,226.55916407821968,1,1
PEP,171.7100067,155.5883949391691,156.9044450588178,158.22049517849874,159.53654529818243,162.08090886290506,Down,Down,Down,-9.388859782061214,-9.388859782061214,-5.6077674342638915,2,3
PFE,49.06999969,40.271308723647685,40.588528056163334,40.90574738894134,41.22296672173294,41.83625743178671,Down,Down,Down,-17.930896722922554,-17.930896722922554,-14.741679853092515,2,3
PFG,68.13999939,63.592699092574286,63.83270894304233,64.0727187935103,64.31272864397813,64.77674768821593,Down,Down,Down,-6.6734668889548905,-6.6734668889548905,-4.935796495292668,2,3
PG,160.5500031,144.86761879544312,146.47644889043585,148.08527898557742,149.69410908067596,152.804513931193,Down,Down,Down,-9.767912800841843,-9.767912800841843,-4.824346944411246,2,3
PGR,107.3600006,117.46539304867902,119.41257339717787,121.35975374567671,123.30693409417556,127.07148276794,Up,Up,Up,9.412623316135685,9.412623316135685,18.360173302700215,1,3
PH,270.8200073,354.4794342240683,359.32394392971696,364.1684536353656,369.01296334101426,378.37901543860164,Up,Up,Up,30.89115451924306,30.89115451924306,39.71604949388156,1,2
PHM,41.75999832,68.78648080659978,69.89531311451623,71.00414542242716,72.1129777303376,74.25672019229785,Up,Up,Up,64.71859093360179,64.71859093360179,77.81782370602798,1,1
PKG,161.1699982,160.53600357166704,162.25921584924396,163.98242812682088,165.7056404043978,169.0371841410465,Down,Up,Up,-0.39337012807199434,-0.39337012807199434,4.881296785325955,2,3
PKI,146.6100006,148.86307472465222,150.94936611703974,153.03565750942727,155.1219489018148,159.155445593764,Up,Up,Up,1.5367806530465395,1.5367806530465395,8.557018581557793,1,3
PLD,160.2899933,133.8044119496369,135.78971962170735,137.7750272937778,139.76033496584827,143.5985964651845,Down,Down,Down,-16.52354011943371,-16.52354011943371,-10.413249443198707,2,3
PM,100.0,91.98120999747898,92.15417046589094,92.3271309343029,92.50009140271486,92.83448164164464,Down,Down,Down,-8.018790002521015,-8.018790002521015,-7.1655183583553566,2,3
PNC,166.1000061,203.93876695066353,206.2531420110517,208.56751707143985,210.881892131828,215.35635058191178,Up,Up,Up,22.780710090933304,22.780710090933304,29.654631350378853,1,2
PNR,50.75,70.37119495486178,71.08264354441442,71.79409213396707,72.50554072351972,73.88100799665483,Up,Up,Up,38.662453113028135,38.662453113028135,45.57834088010804,1,2
PNW,71.19999695,86.03899430362735,86.40228504127539,86.76557577892343,87.12886651657148,87.8312286093577,Up,Up,Up,20.841289310795887,20.841289310795887,23.358472432290878,1,3
POOL,405.2200012,512.3025505992673,521.7623026328074,531.4957576309208,541.617664168494,560.5453801435647,Up,Up,Up,26.42578083069886,26.42578083069886,38.33112345974808,1,2
PPG,127.9899979,187.5089918922711,189.5226333063459,191.53627472042072,193.54991613449553,197.44295620170683,Up,Up,Up,46.50284785438776,46.50284785438776,54.2643639669181,1,1
PPL,28.30999947,27.246974634899974,27.201008688738515,27.155042742577056,27.109076796415597,27.020209300503442,Down,Down,Down,-3.754944736846464,-3.754944736846464,-4.555952644447573,2,3
PRU,108.5100021,98.94793899178167,99.24632545775351,99.54471192372536,99.8430983896972,100.4199788905761,Down,Down,Down,-8.812149039870238,-8.812149039870238,-7.455555297076057,2,3
PSA,371.5,302.8106995190822,305.79628770837934,308.7818758976767,311.76746408697403,317.5396012529489,Down,Down,Down,-18.48971749149873,-18.48971749149873,-14.525006392207565,2,3
PSX,86.76000214,82.21748515261919,82.60754332477076,82.99760149691825,83.3876596690654,84.14177213521656,Down,Down,Down,-5.235727149995674,-5.235727149995674,-3.0177846244846136,2,3
PTC,114.2099991,152.33221766010902,154.59994365941387,156.8676696587187,159.13539565802355,163.51966592334625,Up,Up,Up,33.37905512697707,33.37905512697707,43.174561957724634,1,2
PVH,72.77999878,116.51510366816017,116.91185491973432,117.30860617130848,117.70535742288264,118.47240984259268,Up,Up,Up,60.092203381815125,60.092203381815125,62.7815496407359,1,1
PWR,115.9800034,-84.19840604071635,-105.07856466204032,-126.28083947351038,-147.80523047512696,-190.33243143075566,Down,Down,Down,-172.59734744991079,-172.59734744991079,-264.10797193575155,2,3
PXD,232.4700012,142.54511660576267,142.20739338729229,141.8696701688219,141.5319469503515,140.8790153946421,Down,Down,Down,-38.68236079066074,-38.68236079066074,-39.39905593520422,2,3
PYPL,87.93000031,327.4920631244045,334.40881499228817,341.32555268245574,348.24229640888376,361.61467997468986,Up,Up,Up,272.44633455000667,272.44633455000667,311.2529042417899,1,1
QCOM,139.6900024,162.1685137347122,164.87064666313807,167.5728024732007,170.27495800592357,175.49911900832103,Up,Up,Up,16.091710894488617,16.091710894488617,25.634702550710987,1,2
QRVO,113.7799988,223.3279108180944,226.92696320785254,230.52601559761067,234.1250679873688,241.08323594090118,Up,Up,Up,96.28046508477763,96.28046508477763,111.88542668617181,1,1
RCL,77.73000336,82.97941332118276,82.56587664741465,82.15233997364655,81.73880329987844,80.93929906392677,Up,Up,Up,6.753389597669977,6.753389597669977,4.128773401775356,1,3
RE,274.7099915,283.77402300645554,285.1528999144175,286.5317768223792,287.9106537303408,290.5764824190666,Up,Up,Up,3.2994910221368983,3.2994910221368983,5.775724003495744,1,3
REG,68.83000183,64.13526439978887,64.40911568622147,64.68296697265407,64.95681825908667,65.48626407952304,Down,Down,Down,-6.8207719096193635,-6.8207719096193635,-4.857965511515607,2,3
REGN,659.1099854,504.06661320972,506.5355330853017,509.0044529689716,511.4733728610841,516.2466179818176,Down,Down,Down,-23.523141148618386,-23.523141148618386,-21.67519391038836,2,3
RF,20.71999931,23.782551036990355,24.062877353882605,24.343203670774855,24.623529987667105,25.165494200325455,Up,Up,Up,14.780655545255215,14.780655545255215,21.455091884003817,1,3
RHI,98.30999756,98.80591173953975,100.12389871195518,101.44188568437336,102.7598726567912,105.30798080346597,Up,Up,Up,0.5044392145743766,0.5044392145743766,7.118282389535202,1,3
RJF,97.45999908,97.16903829942021,98.35052905100042,99.53201980258058,100.71351055416073,102.9977260072157,Down,Up,Up,-0.29854379573814654,-0.29854379573814654,5.682051076842367,2,3
RL,104.3399963,147.32087730748816,149.0605022234763,150.80012713946445,152.5397520554526,155.90302689302968,Up,Up,Up,41.19310190879139,41.19310190879139,49.4182791082097,1,2
RMD,199.9700012,224.29681124003943,227.9985141931068,231.70021714617414,235.4019200992415,242.55854580850504,Up,Up,Up,12.165229731488052,12.165229731488052,21.297466796487186,1,3
ROK,252.6699982,294.18402222315785,297.72283825554905,301.26165426289566,304.80047026544736,311.64218120199746,Up,Up,Up,16.43013587640016,16.43013587640016,23.339606372782825,1,3
ROL,33.54000092,42.63181107916683,43.23716399051493,43.842516901864315,44.44786981321363,45.618218775155526,Up,Up,Up,27.107364072090295,27.107364072090295,36.01138200313302,1,2
ROP,469.9200134,509.45275239213896,516.3922221896216,523.3316919870606,530.2711617845149,543.6874700595997,Up,Up,Up,8.412652763202987,8.412652763202987,15.697875075775544,1,3
ROST,99.76999664,148.4968346211702,150.52592668490288,152.55501836807346,154.58410995169916,158.50702030358116,Up,Up,Up,48.839169712505054,48.839169712505054,58.8724322358373,1,1
RSG,134.2700043,117.98417486502638,119.38461566164011,120.78505645825996,122.18549725488019,124.89301612834608,Down,Down,Down,-12.129164305816317,-12.129164305816317,-6.983680547669375,2,3
RTX,94.91000366,85.2018423180362,85.6391296590561,86.07641700007599,86.51370434109589,87.35912653373435,Down,Down,Down,-10.228807256969187,-10.228807256969187,-7.955828506039746,2,3
SBAC,347.1099854,347.57234710671895,352.6846129982256,357.7968788897324,362.9091447812392,372.79285883815237,Up,Up,Up,0.1332032284194043,0.1332032284194043,7.399059237248995,1,3
SBNY,242.25,580.4163124275793,620.5184670899309,661.591428187802,703.63518882078,787.6725572654371,Up,Up,Up,139.5939370186086,139.5939370186086,225.14863045012885,1,1
SBUX,74.63999939,127.73966882142301,129.3590230375427,130.97837640019506,132.59772987464024,135.7284799885565,Up,Up,Up,71.14103679713737,71.14103679713737,81.84416009888247,1,1
SCHW,66.33000183,79.00200599252372,79.97452974717987,80.94705350183602,81.91957725649218,83.7997898488274,Up,Up,Up,19.104483360337216,19.104483360337216,26.337686622716323,1,2
SEDG,250.4100037,350.8355968118594,359.63564781467426,368.43569838850686,377.23574889383724,394.2491798780184,Up,Up,Up,40.10446532805964,40.10446532805964,57.44146561746104,1,1
SEE,64.20999908,51.0240687195834,51.26236171446608,51.50065470934885,51.73894770423162,52.19964749433831,Down,Down,Down,-20.535633934503096,-20.535633934503096,-18.704799498124668,2,3
SHW,274.9599915,318.02197312637185,322.94757996967576,327.8731868134583,332.7987936572653,342.32163355528746,Up,Up,Up,15.661180883609333,15.661180883609333,24.498706771049438,1,3
SIVB,487.6400146,187.05565194719486,138.09528083048866,87.60804517820496,35.59394499034371,-69.29615792262555,Down,Down,Down,-61.64062703085751,-61.64062703085751,-114.2105151029223,2,3
SJM,136.9299927,132.37881029729357,132.9327498696171,133.48668944194065,134.0406290142642,135.11157885408971,Down,Down,Down,-3.3237293838740154,-3.3237293838740154,-1.3279879813433304,2,3
SLB,39.00999832,17.165385497497883,16.13583771297319,15.106289928448515,14.076742143923841,12.086283093842805,Down,Down,Down,-55.997471836092394,-55.997471836092394,-69.01747343155793,2,3
SNA,212.4900055,255.47283512363813,257.95757588232766,260.4423166410172,262.92705739970677,267.73088953317324,Up,Up,Up,20.2281653306457,20.2281653306457,25.99693284547129,1,2
SNPS,286.7900085,296.74624903529326,301.98532188737573,307.22439473950203,312.46346759167926,322.592341772538,Up,Up,Up,3.4716134593975094,3.4716134593975094,12.483814711605625,1,3
SO,73.38999939,69.83421481097179,70.53779435936957,71.24137390847694,71.94495345762373,73.30520725262846,Down,Down,Down,-4.845053288708323,-4.845053288708323,-0.11553636473130997,2,3
SPG,118.0,112.18902689710255,111.7661080325608,111.34292147451674,110.91976022649082,110.10180997310945,Down,Down,Down,-4.924553477031736,-4.924553477031736,-6.693381378720802,2,3
SPGI,376.5,460.79778327689417,468.5148848094906,476.2319863358709,483.9490878613001,498.86881747684856,Up,Up,Up,22.389849475934707,22.389849475934707,32.50167794869816,1,2
SRE,161.3600006,145.21242597859984,146.355848549226,147.49927111985218,148.64269369047835,150.85331066035562,Down,Down,Down,-10.007173129249583,-10.007173129249583,-6.511334841705738,2,3
STE,224.0500031,248.45395725767355,252.59500485933435,256.7360524610155,260.8771000626987,268.8831254259525,Up,Up,Up,10.892190948455985,10.892190948455985,20.010319886468473,1,3
STT,66.97000122,83.93177806183542,84.17254106951063,84.41330407705689,84.65406708459044,85.11954223248749,Up,Up,Up,25.32742501544099,25.32742501544099,27.101001466112095,1,2
STX,82.04000092,108.85876722635011,110.60276754937568,112.34676787240126,114.09076819542683,117.46250215327628,Up,Up,Up,32.68986592589389,32.68986592589389,43.17710974652227,1,2
STZ,246.0899963,257.96817486230435,260.2291263367025,262.4900744588737,264.7510229304966,269.12219017639507,Up,Up,Up,4.826762054896401,4.826762054896401,9.359256460111162,1,3
SWK,120.1500015,225.37350478198357,227.71756118258057,230.06161758790037,232.4056739938075,236.93751637859918,Up,Up,Up,87.57678066444599,87.57678066444599,97.20142606789662,1,1
SWKS,113.3000031,208.11106891132619,210.77031689651272,213.42956488169926,216.0888128668858,221.23002563824645,Up,Up,Up,83.68143267184622,83.68143267184622,95.2603879833843,1,1
SYF,36.81000137,48.294238451436975,48.843293542508626,49.392348633580276,49.94140372465193,51.00291023405712,Up,Up,Up,31.198686916639396,31.198686916639396,38.55720819294584,1,2
SYK,241.2599945,297.8724121516432,301.80446946416896,305.73652677669475,309.66858408922053,317.2705615601037,Up,Up,Up,23.465314988906364,23.465314988906364,31.505665586054594,1,2
SYY,85.48000336,92.9065586845187,93.98146256485637,95.05636644519404,96.13127032553172,98.20941782751788,Up,Up,Up,8.688061572999336,8.688061572999336,14.891686905892845,1,3
T,18.86000061,22.257828369086806,22.27611783540367,22.29440730172059,22.31269676803749,22.348056402916832,Up,Up,Up,18.01605328307996,18.01605328307996,18.494462778900363,1,3
TAP,54.13999939,44.30013507129664,43.34534245135353,42.39055600300352,41.43577571058376,39.5898693252738,Down,Down,Down,-18.174851181326108,-18.174851181326108,-26.87500965767225,2,3
TDG,594.8099976,728.9413057195217,741.1233284403937,753.3053511612629,765.4873738821314,789.0392844758103,Up,Up,Up,22.55027801495072,22.55027801495072,32.65400508725584,1,2
TDY,431.5499878,534.3232652877787,543.6181801710932,552.9130950544089,562.2080099377246,580.1781787121348,Up,Up,Up,23.814918408805173,23.814918408805173,34.440550368180276,1,2
TECH,379.6900024,518.1085868378804,527.7305783043332,537.3525697636422,546.9745612236653,565.5770780465089,Up,Up,Up,36.455683205494985,36.455683205494985,48.957590263511456,1,2
TEL,124.7799988,149.90789178854072,151.76667612605678,153.62546046357176,155.48424480108645,159.07789452028152,Up,Up,Up,20.137757036539355,20.137757036539355,27.486693420517582,1,2
TER,105.4599991,150.71112243373418,153.4075581090388,156.1039937923998,158.80042946581744,164.01353842372183,Up,Up,Up,42.90832895876079,42.90832895876079,55.5220366237627,1,1
TFC,48.34999847,63.148781782141285,63.761340264505705,64.37389874687013,64.98645722923455,66.17073696180576,Up,Up,Up,30.607618987461947,30.607618987461947,36.85778501702144,1,2
TFX,285.6199951,477.72197715833414,484.05505611248515,490.38813506663615,496.72121402078716,508.9651666654791,Up,Up,Up,67.25788997758238,67.25788997758238,78.19661627235955,1,1
TGT,228.6499939,248.06622717008557,252.70243796277066,257.33864875546465,261.97485954815954,270.93820041403546,Up,Up,Up,8.491683266161491,8.491683266161491,18.49473327890409,1,3
TJX,61.27999878,79.375478990141,80.37836621926361,81.3812534844776,82.38414075417762,84.32305614193058,Up,Up,Up,29.52917847649638,29.52917847649638,37.60290114341706,1,2
TMO,552.9199829,557.7247858361095,566.863298464255,576.0018154555332,585.1403295746148,602.8081248419502,Up,Up,Up,0.8689870297160981,0.8689870297160981,9.022669370763694,1,3
TMUS,123.1399994,150.44169772012864,152.35707738990482,154.2724570595484,156.1878367291866,159.8909040904914,Up,Up,Up,22.171267218739853,22.171267218739853,29.844814738964025,1,2
TPR,32.91999817,50.662339662738624,51.05438447256957,51.44642928240052,51.83847409223147,52.596427391237974,Up,Up,Up,53.89532952315661,53.89532952315661,59.77044445637032,1,1
TRMB,66.69999695,95.34573607845371,96.72893060621988,98.11212527211194,99.49532039711386,102.16949731092927,Up,Up,Up,42.94713708896761,42.94713708896761,53.17766414220094,1,1
TROW,123.0400009,207.60643371634092,210.99127326623702,214.37611281613295,217.7609523660288,224.30497549582742,Up,Up,Up,68.73084541430698,68.73084541430698,82.30248200187344,1,1
TRV,171.0599976,163.71093173210676,165.01570842932233,166.3204851265379,167.62526182375348,170.14783010503692,Down,Down,Down,-4.296191962470392,-4.296191962470392,-0.5332441878644606,2,3
TSCO,201.4499969,222.62599013214586,226.47267190940514,230.3193536866644,234.1660354639237,241.60295356662496,Up,Up,Up,10.511786328126698,10.511786328126698,19.931971846371844,1,3
TSLA,870.7600098,1005.347851456144,1046.166256532181,1088.530742105561,1132.441308176286,1221.7190663899348,Up,Up,Up,15.456364571342302,15.456364571342302,40.30491210437473,1,2
TSN,93.16000366,80.77571939766281,81.31915700502,81.8625946123772,82.40603221973439,83.45667826062495,Down,Down,Down,-13.293563520601936,-13.293563520601936,-10.415763222582775,2,3
TT,139.8899994,201.6454747933435,204.87266130063622,208.0998480070229,211.32703469437268,217.5662622859242,Up,Up,Up,44.14573998014008,44.14573998014008,55.5266732569049,1,1
TTWO,119.5100021,205.90924123457552,209.14966260602384,212.39021078248885,215.630124504096,221.89477193438285,Up,Up,Up,72.29456749760656,72.29456749760656,85.67046107882452,1,1
TWTR,49.02000046,64.9173399422408,66.00988117694818,67.1033208608772,68.19757191184345,70.31513887223286,Up,Up,Up,32.43031279694281,32.43031279694281,43.44173441942246,1,2
TXN,170.25,211.20457715394085,214.46880362491302,217.7330300958852,220.99725656685737,227.3080944107369,Up,Up,Up,24.055551925956443,24.055551925956443,33.51429921335502,1,2
TXT,69.25,69.33777511710028,69.88581517191656,70.43385522673285,70.98189528154913,72.04143938752728,Up,Up,Up,0.12675107162495092,0.12675107162495092,4.030959404371518,1,3
TYL,394.7099915,497.9117567824287,505.68325651960697,513.4547564835877,521.2262560115154,536.2511552764055,Up,Up,Up,26.146225711245698,26.146225711245698,35.85953404384634,1,2
UA,14.18999958,20.140680633646674,20.166287960414728,20.19189528718278,20.217502613950835,20.26701011236907,Up,Up,Up,41.93573805339517,41.93573805339517,42.82600924762727,1,2
UAA,15.35999966,24.9171873338064,24.977674939982855,25.038170408324085,25.098665381043958,25.215620852527106,Up,Up,Up,62.22127529530427,62.22127529530427,64.16420189248304,1,1
UAL,50.5,49.82722000981861,49.35485929047163,48.88249857112465,48.41013785177767,47.49690712770684,Down,Down,Down,-1.3322376043195834,-1.3322376043195834,-5.946718558996355,2,3
UDR,53.20999908,49.43430058047772,49.834132794170905,50.23396500786409,50.63379722155728,51.406806168030776,Down,Down,Down,-7.09584394813766,-7.09584394813766,-3.3888234225641836,2,3
UHS,122.5299988,174.83402512733136,177.71804170348133,180.6020824972306,183.48612253550078,189.0619249167936,Up,Up,Up,42.686710878619024,42.686710878619024,54.29847936699205,1,1
ULTA,396.7999878,342.07121301823014,343.4392572410986,344.8073014639669,346.1753456868359,348.82023118438264,Down,Down,Down,-13.79253439124472,-13.79253439124472,-12.091672905947949,2,3
UNH,508.5499878,460.308270832375,467.22673269456914,474.145194584639,481.0636564792476,494.43934947701797,Down,Down,Down,-9.486130788503186,-9.486130788503186,-2.7746806924575895,2,3
UNP,234.2899933,250.15589267078008,253.63703316588337,257.11817366098677,260.59931415609077,267.32951911329184,Up,Up,Up,6.771906536556329,6.771906536556329,14.101979067875044,1,3
UPS,179.9799957,228.97382916019188,232.16901889200136,235.36420862381084,238.55939835562032,244.73676517045197,Up,Up,Up,27.221821663923894,27.221821663923894,35.979981674403376,1,2
URI,316.519989,381.79148715514077,388.3843026731644,394.962208485795,401.5360050826275,414.261989232156,Up,Up,Up,20.621603823934407,20.621603823934407,30.88019829046436,1,2
USB,48.56000137,61.679680882249166,62.07891144432977,62.47814200641037,62.877372568490976,63.64921832184681,Up,Up,Up,27.01746116579478,27.01746116579478,31.073345399798136,1,2
V,213.1300049,272.5665125099876,276.8484153482198,281.13031819212455,285.4122210376765,293.69056653967954,Up,Up,Up,27.887442520294154,27.887442520294154,37.798789371528585,1,2
VFC,52.0,96.9246634677823,98.15668048014157,99.38869749250085,100.62071450486013,103.00261406208807,Up,Up,Up,86.39358359188904,86.39358359188904,98.08195011940015,1,1
VLO,111.4800034,77.01467263279135,77.62389673727645,78.23312084176115,78.84234494624584,80.02017821491626,Down,Down,Down,-30.916155109489935,-30.916155109489935,-28.220150902043965,2,3
VMC,172.2899933,190.6063397307963,192.30758325469534,194.0088267785944,195.71007030249345,198.99914111536495,Up,Up,Up,10.631114483185891,10.631114483185891,15.502437085163528,1,3
VNO,38.70999908,38.791731016121815,38.28118746393052,37.77064391173923,37.260100359547934,36.2730494919781,Up,Down,Down,0.21113908050708355,0.21113908050708355,-6.295400790337356,1,3
VRSK,204.0500031,217.75154638185484,220.9175131053793,224.08347988503363,227.24944669970017,233.3703158749304,Up,Up,Up,6.7147968996305485,6.7147968996305485,14.369180264389037,1,3
VRSN,178.6900024,255.53263979183154,259.387217942074,263.24179609226,267.0963742438337,274.54855867056796,Up,Up,Up,43.00332215554973,43.00332215554973,53.645170397383104,1,1
VRTX,273.2200012,244.31118924823863,247.19694220894752,250.0826951696564,252.9684481303653,258.5475705210699,Down,Down,Down,-10.580781723443378,-10.580781723443378,-5.370189083701,2,3
VTR,55.54999924,54.685065534658435,54.78585952952052,54.88665352438261,54.9874475192447,55.1823159093114,Down,Down,Down,-1.5570363945545278,-1.5570363945545278,-0.6618961939136107,2,3
VTRS,10.32999992,6.325823933172609,5.629991018667939,4.934158104163268,4.238325189658598,2.893048221616235,Down,Down,Down,-38.762594557961926,-38.762594557961926,-71.99372464645445,2,3
VZ,46.29999924,60.236946793150366,60.78477936888889,61.332611944627416,61.88044452036594,62.93958750012709,Up,Up,Up,30.101399097021602,30.101399097021602,35.93863614095189,1,2
WAB,89.91000366,81.76142024702912,81.80587667345534,81.85033309988157,81.89478952630779,81.98073861739849,Down,Down,Down,-9.063044245649493,-9.063044245649493,-8.819113246381903,2,3
WAT,303.019989,335.5598471742593,339.33601931910914,343.1121914871602,346.88836366013476,354.18896319677157,Up,Up,Up,10.738518696949487,10.738518696949487,16.88633623334055,1,3
WBA,42.40000153,44.735598383608156,44.059630664041634,43.38208221419965,42.70561780585961,41.39668869190539,Up,Up,Down,5.508482946529175,5.508482946529175,-2.366303778042831,1,3
WBD,18.14999962,40.14079993309265,40.417442678701704,40.69408542431076,40.97072816991981,41.505570811430644,Up,Up,Up,121.16143676862872,121.16143676862872,128.6808357047814,1,1
WDC,53.06999969,67.81719041318044,67.55979687802227,67.3024033428641,67.04500980770592,66.54738230640012,Up,Up,Up,27.788186940500882,27.788186940500882,25.395482749436816,1,2
WEC,100.0500031,105.43565252051022,106.67820538409272,107.92075824763339,109.16331111117631,111.5655799806927,Up,Up,Up,5.382957774751153,5.382957774751153,11.509821613081696,1,3
WELL,90.80999756,77.23715598684407,77.70742489008384,78.17769379332361,78.64796269656338,79.55714924282694,Down,Down,Down,-14.946417726955751,-14.946417726955751,-12.391640369484733,2,3
WFC,43.63000107,43.55747297702556,43.478141384359944,43.398809791694376,43.31947819902888,43.16610378654225,Down,Down,Down,-0.16623445151439045,-0.16623445151439045,-1.0632529729107048,2,3
WHR,181.5200043,258.4958518877546,261.5080658210674,264.52027975439023,267.53249368771316,273.35610729213846,Up,Up,Up,42.4062614391171,42.4062614391171,50.592827686561726,1,1
WM,164.4400024,155.84922681409836,157.92421858266286,159.99921035125757,162.07420211985578,166.08585287247973,Down,Down,Up,-5.224261408732282,-5.224261408732282,1.0008820533073262,2,3
WMB,34.29000092,23.010757044979528,23.01589536054552,23.021033676111514,23.026171991677508,23.03610606843843,Down,Down,Down,-32.89368204257392,-32.89368204257392,-32.81975663347859,2,3
WMT,152.9900055,157.9498491780586,160.03818671706082,162.12652425606305,164.21486179506527,168.25231437046958,Up,Up,Up,3.241939669097276,3.241939669097276,9.976016943452938,1,3
WRB,66.48999786,58.41213230969786,59.16576755874211,59.91940280778636,60.67303805683061,62.13006620498283,Down,Down,Down,-12.148993548339003,-12.148993548339003,-6.5572744703607215,2,3
WRK,49.52999878,56.988879007629464,57.23854357317846,57.48820813872749,57.737872704276484,58.220557531004545,Up,Up,Up,15.05931841581496,15.05931841581496,17.546050807725347,1,3
WST,315.0599976,1051.8357514773693,1135.7979864683123,1221.1292165861655,1307.8294418309283,1479.3317390417742,Up,Up,Up,233.85252316696184,233.85252316696184,369.53969095116076,1,1
WTW,214.8600006,293.33536152225787,297.05902408427335,300.78268665431835,304.5063492249983,311.7054301948294,Up,Up,Up,36.52395080662485,36.52395080662485,45.073736072040845,1,2
WY,41.22000122,38.71788353697124,38.9852477743537,39.252612011736105,39.51997624911846,40.036880441391006,Down,Down,Down,-6.070154315800278,-6.070154315800278,-2.870258960678883,2,3
WYNN,70.48000336,131.5309003526328,131.86279856315926,132.1946967736857,132.52659498421215,133.16826485789662,Up,Up,Up,86.62158638216162,86.62158638216162,88.94474816877566,1,1
XEL,73.26000214,77.96787319369757,78.87845826040076,79.7890433270971,80.6996283937927,82.46009285607056,Up,Up,Up,6.42625022683022,6.42625022683022,12.558136018736626,1,3
XOM,85.25,51.772184249597316,51.51008110371137,51.24805118410589,50.985950832304184,50.47919012231704,Down,Down,Down,-39.27016510311165,-39.27016510311165,-40.78687375681285,2,3
XRAY,39.99000168,69.21355156431149,69.4064266732491,69.59930178218671,69.79217689112433,70.16506876840371,Up,Up,Up,73.0771409267705,73.0771409267705,75.45652868400609,1,1
XYL,80.5,126.6142549215403,128.43224477528136,130.25023461031242,132.0682244434499,135.58300478811788,Up,Up,Up,57.284788722410305,57.284788722410305,68.42609290449425,1,1
YUM,117.0100021,133.64840284492053,135.3486829926328,137.0489633900617,138.74924361178384,142.036451988267,Up,Up,Up,14.219639728491664,14.219639728491664,21.38829966593686,1,3
ZBH,120.75,187.38494336099316,189.1131466605871,190.84134996018102,192.56955325977495,195.91074630565655,Up,Up,Up,55.184218104342165,55.184218104342165,62.2449244767342,1,1
ZBRA,369.6600037,597.6458020225189,609.3368806581864,621.0279592938539,632.7190379295214,655.3217899584786,Up,Up,Up,61.67445653859329,61.67445653859329,77.27689860932568,1,1
ZION,56.50999832,60.90299985776234,61.47213367096646,62.04126748417052,62.61040129737458,63.7107266695691,Up,Up,Up,7.773848289440788,7.773848289440788,12.74239703351861,1,3
ZTS,177.25,205.32432059431613,208.82352046026352,212.3227203261751,215.82192019208318,222.58703993283834,Up,Up,Up,15.83882685151827,15.83882685151827,25.578019708230375,1,2
