Client_Name,Client_ID,Ticker,Units,Date_of_Purchase,Unit_Price,Market_Value,Concentration
Annie,C101,EFX,12,10/11/2021,276.3959961,3316.751953,3
Annie,C101,NXPI,10,19/11/2021,219.6544189,2196.544189,2
Annie,C101,BDX,30,18/11/2021,241.582489,7247.47467,5
Annie,C101,IRM,12,18/1/2022,43.5503273,522.6039276,1
Annie,C101,DXCM,6,28/1/2022,413.3900146,2480.340088,2
Baskar,C102,RCL,15,27/1/2022,75.97000122,1139.550018,1
Baskar,C102,J,29,26/10/2021,137.9993744,4001.981858,2
Baskar,C102,INTC,20,5/1/2022,53.46273804,1069.254761,1
Baskar,C102,CNP,14,27/12/2021,27.40563774,383.6789284,1
Baskar,C102,GS,28,16/9/2021,392.2852478,10983.98694,5
Baskar,C102,MET,5,15/11/2021,63.70367432,318.5183716,1
Baskar,C102,EXC,13,14/2/2022,41.8523674,544.0807762,1
Baskar,C102,AMGN,4,4/10/2021,207.897049,831.588196,1
Baskar,C102,CMS,20,15/9/2021,61.90339279,1238.067856,1
Baskar,C102,DXC,14,13/10/2021,33.40000153,467.6000214,1
Baskar,C102,CTLT,12,3/9/2021,140.3500061,1684.200073,1
Lilly,C103,NTAP,6,12/11/2021,88.74594879,532.4756927,1
Lilly,C103,NRG,20,4/10/2021,39.65826035,793.165207,1
Lilly,C103,DGX,25,16/9/2021,152.9130402,3822.826005,1
Lilly,C103,COP,28,8/10/2021,73.67465973,2062.890472,0
Lilly,C103,JCI,25,27/1/2022,71.16396332,1779.099083,1
Sreekanth,C104,FDS,11,23/11/2021,463.2093811,5095.303192,2
Sreekanth,C104,GPN,27,5/11/2021,136.217041,3677.860107,2
Sreekanth,C104,ATO,19,18/3/2022,112.7300034,2141.870065,1
Sreekanth,C104,DD,21,2/2/2022,78.80436707,1654.891708,1
Sriram,C105,MRO,29,28/1/2022,19.77452278,573.4611606,1
Sriram,C105,AXP,24,10/3/2022,169.1199493,4058.878783,1
Sriram,C105,DXCM,30,7/10/2021,539.1900024,16175.70007,3
Sriram,C105,LNC,24,3/2/2022,66.78275299,1602.786072,1
Sriram,C105,TWTR,23,1/10/2021,61.97999954,1425.539989,1
Sriram,C105,DAL,20,14/2/2022,41.97000122,839.4000244,1
Sriram,C105,V,26,8/9/2021,228.3159485,5936.214661,1
Sriram,C105,PEG,21,4/11/2021,62.66578293,1315.981442,1
Sriram,C105,CMG,27,5/1/2022,1594.550049,43052.85132,5
Sriram,C105,GL,26,16/2/2022,105.6715851,2747.461213,1
Sriram,C105,NXPI,12,5/11/2021,222.6227264,2671.472717,1
Wileen,C106,RHI,4,21/1/2022,108.5937119,434.3748476,1
Wileen,C106,CPB,30,8/11/2021,40.1341362,1204.024086,1
Wileen,C106,IR,25,7/3/2022,44.88000107,1122.000027,1
Wileen,C106,MSFT,10,9/12/2021,332.4126587,3324.126587,1
Wileen,C106,VRSN,11,19/10/2021,215.5899963,2371.489959,1
Wileen,C106,EIX,19,10/9/2021,56.29724884,1069.647728,1
Wileen,C106,TYL,15,16/3/2022,415.0700073,6226.05011,2
Wileen,C106,FFIV,18,1/10/2021,201.3899994,3625.019989,1
Wileen,C106,CHD,26,9/3/2022,97.05999756,2523.559937,1
Wileen,C106,NEE,29,13/9/2021,83.74323273,2428.553749,1
Stewart,C107,SLB,8,5/1/2022,33.15675735,265.2540588,1
Stewart,C107,TDG,4,10/3/2022,633.6799927,2534.719971,1
Stewart,C107,INTU,4,23/9/2021,575.1757202,2300.702881,1
Stewart,C107,ZBH,28,21/3/2022,120.8081284,3382.627595,1
Stewart,C107,CTXS,23,10/2/2022,102.1500015,2349.450035,1
Stewart,C107,APD,16,14/1/2022,289.4856262,4631.770019,1
Stewart,C107,IEX,22,15/2/2022,191.2700043,4207.940095,1
Stewart,C107,VRSN,16,16/3/2022,206.3500061,3301.600098,1
Elias,C108,STZ,2,15/10/2021,217.4981232,434.9962464,1
Elias,C108,AAPL,16,10/1/2022,171.9709015,2751.534424,1
Elias,C108,MCK,7,29/10/2021,207.0883484,1449.618439,1
Elias,C108,FANG,2,13/9/2021,76.78245544,153.5649109,1
Elias,C108,KMI,22,12/11/2021,16.42235756,361.2918663,1
Elias,C108,FDX,7,15/10/2021,227.6452484,1593.516739,1
Ramesh,C109,JCI,16,4/11/2021,73.08631897,1169.381104,1
Ramesh,C109,CNC,18,24/11/2021,75.61000061,1360.980011,1
Vanessa,C110,AMZN,13,26/1/2022,2777.449951,36106.84936,5
Vanessa,C110,AIZ,21,15/3/2022,173.5099945,3643.709885,1
Vanessa,C110,IBM,30,19/1/2022,130.013916,3900.41748,1
Vanessa,C110,WRK,29,9/11/2021,48.16461945,1396.773964,1
Natalie,C111,JKHY,24,3/2/2022,166.5584564,3997.402954,3
Natalie,C111,NDSN,13,14/3/2022,214.5599976,2789.279969,2
Natalie,C111,KIM,20,10/1/2022,24.92836571,498.5673142,1
Gavin,C112,WYNN,14,7/3/2022,72.06999969,1008.979996,1
Gavin,C112,GOOGL,8,3/11/2021,2931.959961,23455.67969,5
Gavin,C112,DLTR,13,26/11/2021,141.1100006,1834.430008,2
Gavin,C112,LH,29,8/10/2021,278.3399963,8071.859893,5
Gavin,C112,GLW,11,16/12/2021,36.85272598,405.3799858,1
Gavin,C112,RSG,7,16/9/2021,122.7532578,859.2728046,1
Gavin,C112,AIZ,16,7/12/2021,155.3312683,2485.300293,2
Gavin,C112,SNPS,13,13/10/2021,296.2999878,3851.899841,3
Gavin,C112,EPAM,26,28/10/2021,670.5300293,17433.78076,5
Gavin,C112,ZION,7,9/2/2022,72.56700897,507.9690628,1
Isaiah,C113,AON,21,3/1/2022,292.6864624,6146.41571,5
Isaiah,C113,CDNS,15,18/2/2022,134.9499969,2024.249954,3
Isaiah,C113,MOH,13,20/12/2021,299.0499878,3887.649841,5
Isaiah,C113,RF,14,2/3/2022,23.19303322,324.7024651,1
Isaiah,C113,PTC,22,24/9/2021,123.5199966,2717.439925,4
Isaiah,C113,GLW,24,5/10/2021,36.42389297,874.1734313,1
Isaiah,C113,CTXS,6,20/9/2021,109.7850342,658.7102052,1
Isaiah,C113,RHI,21,28/2/2022,120.2900009,2526.090019,3
Isaiah,C113,WELL,3,2/11/2021,80.71783447,242.1535034,1
Isaiah,C113,HII,14,21/1/2022,189.896637,2658.552918,3
Isaiah,C113,FAST,15,25/1/2022,55.37546921,830.6320382,1
Julie,C114,IVZ,27,15/9/2021,25.10453796,677.8225249,1
Julie,C114,VRTX,9,30/12/2021,222.4499969,2002.049972,1
Julie,C114,BMY,9,27/10/2021,55.58906555,500.30159,1
Julie,C114,MAR,3,25/1/2022,157.0299988,471.0899964,1
Julie,C114,EXR,25,16/2/2022,189.3038788,4732.59697,3
Julie,C114,FIS,18,29/11/2021,104.461998,1880.315964,1
Julie,C114,BBY,28,14/3/2022,93.80130005,2626.436401,2
Julie,C114,LRCX,6,12/10/2021,543.8377075,3263.026245,2
Julie,C114,NUE,21,9/3/2022,129.578064,2721.139344,2
Julie,C114,AKAM,30,21/12/2021,115.8000031,3474.000093,2
Julie,C114,WRK,8,18/2/2022,46.65000153,373.2000122,1
Prakash,C115,MKC,23,14/10/2021,79.66221619,1832.230972,2
Prakash,C115,JKHY,29,10/9/2021,168.068924,4873.998796,5
Prakash,C115,EA,18,9/3/2022,125.5199966,2259.359939,2
Stella,C116,DIS,8,2/11/2021,169.8300018,1358.640014,1
Stella,C116,HSY,19,22/9/2021,170.7611084,3244.46106,2
Stella,C116,EA,4,3/3/2022,127.6678696,510.6714784,1
Stella,C116,ALGN,11,8/9/2021,729.9199829,8029.119812,4
Stella,C116,CZR,26,7/10/2021,116.1500015,3019.900039,2
Stella,C116,ORCL,23,5/11/2021,94.22994995,2167.288849,1
Stella,C116,MNST,3,28/2/2022,84.40000153,253.2000046,1
Stella,C116,BRO,20,28/9/2021,55.61371613,1112.274323,1
Stella,C116,C,17,30/12/2021,59.95774841,1019.281723,1
Stella,C116,MTCH,28,23/11/2021,135.0700073,3781.960204,2
Bernice,C117,ANET,22,10/9/2021,87.73000336,1930.060074,2
Bernice,C117,HRL,18,26/11/2021,42.37588501,762.7659302,1
Bernice,C117,NWSA,7,21/12/2021,21.59720612,151.1804428,1
Miriam,C118,ROST,2,1/2/2022,98.19192505,196.3838501,1
Miriam,C118,TRMB,11,31/1/2022,72.16000366,793.7600403,1
Miriam,C118,NCLH,28,8/2/2022,22.75,637,1
Miriam,C118,ANSS,9,1/11/2021,376.4400024,3387.960022,4
Miriam,C118,DXC,20,29/9/2021,34.29000092,685.8000184,1
Miriam,C118,MTCH,12,8/2/2022,112.4199982,1349.039978,2
Miriam,C118,NSC,22,26/1/2022,267.8389282,5892.45642,5
Miriam,C118,IBM,10,17/3/2022,127.9599991,1279.599991,2
Miriam,C118,ADBE,20,26/11/2021,662.0999756,13241.99951,5
Miriam,C118,CMS,20,13/9/2021,62.10054016,1242.010803,2
Abdul,C119,MOS,24,9/9/2021,31.43248558,754.3796539,1
Abdul,C119,NOW,14,8/10/2021,617.5800171,8646.120239,5
Abdul,C119,WMT,10,7/10/2021,138.1473083,1381.473083,1
Abdul,C119,IVZ,24,31/12/2021,22.84851074,548.3642578,1
Abdul,C119,MRO,21,10/2/2022,21.33934021,448.1261444,1
Abdul,C119,BA,10,27/12/2021,203.1699982,2031.699982,2
Abdul,C119,BR,19,22/10/2021,182.6015015,3469.428529,2
Abdul,C119,IQV,27,12/10/2021,238.3699951,6435.989868,4
Adrian,C120,NWS,3,9/9/2021,21.32977104,63.98931312,1
Adrian,C120,INCY,22,10/9/2021,71.12000275,1564.640061,1
Adrian,C120,MAS,24,17/11/2021,67.74385834,1625.8526,1
Adrian,C120,PNR,17,1/3/2022,56.04000092,952.6800156,1
Adrian,C120,J,20,10/9/2021,132.8493958,2656.987916,1
Adrian,C120,PENN,28,17/11/2021,54.95999908,1538.879974,1
Adrian,C120,D,15,10/12/2021,75.3274765,1129.912148,1
Selvaraj,C121,USB,27,22/12/2021,55.16446304,1489.440502,1
Selvaraj,C121,DPZ,30,16/9/2021,508.8628845,15265.88654,2
Selvaraj,C121,PENN,10,14/10/2021,75.83000183,758.3000183,1
Selvaraj,C121,FTNT,13,17/12/2021,333.8299866,4339.789826,0
Selvaraj,C121,MOH,26,22/3/2022,338.1700134,8792.420348,2
Selvaraj,C121,TXT,14,3/9/2021,72.48959351,1014.854309,1
Selvaraj,C121,XEL,28,4/2/2022,68.30351257,1912.498352,1
Selvaraj,C121,NDAQ,17,1/2/2022,179.5533142,3052.406341,1
Selvaraj,C121,ENPH,3,13/12/2021,213.5200043,640.5600129,1
Pushpa,C122,STT,2,26/10/2021,97.06484222,194.1296844,1
Pushpa,C122,TPR,2,3/11/2021,41.29987717,82.59975434,1
Pushpa,C122,HRL,27,24/2/2022,46.79885101,1263.568977,1
Pushpa,C122,STE,6,16/12/2021,230.4586182,1382.751709,1
Pushpa,C122,VTR,21,18/1/2022,51.93534851,1090.642319,1
Pushpa,C122,PH,10,11/3/2022,270.980011,2709.80011,1
Pushpa,C122,SEE,8,14/1/2022,67.48978424,539.9182739,1
Pushpa,C122,SJM,21,29/9/2021,120.3405838,2527.15226,1
Pushpa,C122,APH,17,30/9/2021,72.86204529,1238.65477,1
Pushpa,C122,MRK,2,26/11/2021,77.72467804,155.4493561,1
Kattappa,C123,VNO,8,21/10/2021,43.61252213,348.900177,1
Kattappa,C123,AOS,18,20/10/2021,66.12449646,1190.240936,1
Kattappa,C123,SNA,18,2/2/2022,209.6690674,3774.043213,1
Kattappa,C123,ES,10,17/3/2022,84.26000214,842.6000214,1
Kattappa,C123,KMB,18,12/11/2021,131.6082306,2368.948151,1
Kattappa,C123,VLO,19,3/3/2022,84.19000244,1599.610046,1
Vikram,C124,AXP,13,3/1/2022,167.3139496,2175.081345,5
Vikram,C124,PPL,21,16/12/2021,29.25573158,614.3703632,2
Vikram,C124,INCY,11,4/3/2022,70.05000305,770.5500336,2
Vikram,C124,HAS,8,27/12/2021,98.57926178,788.6340942,2
Vikram,C124,KEY,19,7/2/2022,26.20644379,497.922432,1
Vikram,C124,TMUS,5,21/9/2021,124.9000015,624.5000075,2
Genelia,C125,KIM,20,10/9/2021,20.79969025,415.993805,1
Genelia,C125,GS,2,23/11/2021,401.8382263,803.6764526,1
Genelia,C125,DFS,16,19/10/2021,130.0933838,2081.494141,2
Genelia,C125,CB,13,22/10/2021,186.6237488,2426.108734,2
Aishwarya,C126,NWS,16,11/10/2021,23.75887489,380.1419982,1
Aishwarya,C126,STZ,29,10/2/2022,237.3000031,6881.70009,2
Aishwarya,C126,BKNG,28,22/11/2021,2297.129883,64319.63672,5
Aishwarya,C126,FDX,28,28/10/2021,234.4412384,6564.354675,2
Abdul Rahman,C127,CPB,30,22/3/2022,42.63558197,1279.067459,2
Abdul Rahman,C127,WFC,12,1/12/2021,46.99897766,563.9877319,1
Abdul Rahman,C127,APH,3,22/2/2022,74.74468994,224.2340698,1
Abdul Rahman,C127,TECH,24,11/11/2021,506.2477417,12149.9458,5
Abdul Rahman,C127,EQR,29,17/3/2022,88.68634796,2571.904091,3
Abdul Rahman,C127,L,20,28/2/2022,61.34000015,1226.800003,2
Angela Wong,C128,SEDG,3,26/11/2021,341.4400024,1024.320007,1
Angela Wong,C128,APH,18,22/3/2022,75.69999695,1362.599945,1
Angela Wong,C128,CBOE,8,11/1/2022,125.9400024,1007.520019,1
Angela Wong,C128,CTXS,8,17/2/2022,101.6699982,813.3599856,1
Angela Wong,C128,FFIV,6,31/1/2022,207.6199951,1245.719971,1
Angela Wong,C128,AIG,17,17/2/2022,61.04453659,1037.757122,1
Angela Wong,C128,APD,30,2/3/2022,231.8368988,6955.106964,2
Aditya Arunachalam,C129,CL,6,24/2/2022,75.58000183,453.480011,1
Aditya Arunachalam,C129,ADSK,23,18/1/2022,252.0299988,5796.689972,4
Aditya Arunachalam,C129,ADP,4,1/10/2021,200.1060028,800.4240112,1
Aditya Arunachalam,C129,MA,20,22/3/2022,349.0455627,6980.911254,4
Aditya Arunachalam,C129,NSC,28,18/10/2021,273.4887695,7657.685546,5
Aditya Arunachalam,C129,TDY,9,2/2/2022,428.4200134,3855.780121,3
Aditya Arunachalam,C129,PGR,9,25/10/2021,94.77179718,852.9461746,1
Avery,C130,ABBV,24,7/10/2021,108.4169464,2602.006714,2
Avery,C130,MSFT,20,6/10/2021,291.9710083,5839.420166,4
Avery,C130,SYF,22,7/3/2022,34.75999832,764.719963,0
Avery,C130,TSCO,4,10/11/2021,215.839798,863.359192,1
Avery,C130,PNR,14,14/1/2022,65.90060425,922.6084595,1
Avery,C130,LDOS,4,3/2/2022,89.66233063,358.6493225,1
Avery,C130,HD,11,14/10/2021,340.5776062,3746.353668,3
Avery,C130,TAP,8,28/1/2022,47.85163116,382.8130493,1
Avery,C130,LVS,24,18/10/2021,40.04000092,960.9600221,1
Avery,C130,AMCR,26,4/2/2022,11.44323254,297.524046,1
Avery,C130,RCL,17,13/9/2021,83.83999634,1425.279938,1
Matilda,C131,RHI,29,6/1/2022,112.6186523,3265.940917,3
Matilda,C131,IRM,13,10/12/2021,47.23044968,613.9958458,1
Matilda,C131,AMCR,5,22/9/2021,11.50481129,57.52405645,1
Matilda,C131,PEAK,27,15/11/2021,33.8531723,914.0356521,1
Matilda,C131,EL,23,3/11/2021,339.0737305,7798.695802,5
Matilda,C131,O,7,24/2/2022,65.2693634,456.8855438,1
Matilda,C131,CB,25,25/1/2022,192.9256439,4823.141098,4
Matilda,C131,FTV,7,25/2/2022,65.48999786,458.429985,1
Matilda,C131,WYNN,2,8/9/2021,104.6200027,209.2400054,1
Matilda,C131,PFE,30,15/10/2021,40.81863022,1224.558907,1
Zachary,C132,UAL,8,8/2/2022,46.83000183,374.6400146,0
Zachary,C132,CE,18,14/12/2021,158.8803711,2859.84668,5
Zachary,C132,LIN,4,29/9/2021,296.952301,1187.809204,2
Zachary,C132,GWW,9,11/3/2022,472.2600098,4250.340088,5
Zachary,C132,GNRC,21,31/1/2022,282.3800049,5929.980103,5
Zachary,C132,NDSN,30,1/3/2022,223.2400055,6697.200165,5
Zachary,C132,DHR,29,26/1/2022,266.5368347,7729.568206,5
Jane Chacko,C133,PENN,2,9/2/2022,50.81000137,101.6200027,1
Jane Chacko,C133,ISRG,19,16/2/2022,291.1400146,5531.660277,1
Jane Chacko,C133,STX,10,12/1/2022,112.3896637,1123.896637,1
Jane Chacko,C133,EXPE,5,14/12/2021,158.2599945,791.2999725,1
Jane Chacko,C133,DE,3,27/9/2021,349.4165649,1048.249695,1
Jane Chacko,C133,ANSS,2,27/9/2021,355.8599854,711.7199708,1
Jane Chacko,C133,CPRT,12,9/11/2021,154.3999939,1852.799927,1
Satish Kumar,C134,CRM,22,20/12/2021,247.2100067,5438.620147,2
Satish Kumar,C134,FDS,9,18/3/2022,439.1499939,3952.349945,1
Satish Kumar,C134,APTV,7,15/12/2021,164.4400024,1151.080017,1
Satish Kumar,C134,BKR,12,20/12/2021,22.91246605,274.9495926,1
Satish Kumar,C134,PFE,4,7/1/2022,55.2995491,221.1981964,1
Satish Kumar,C134,AAL,7,21/1/2022,16.29999924,114.0999947,1
Satish Kumar,C134,EMN,18,17/2/2022,120.9417725,2176.951905,1
Satish Kumar,C134,ANTM,15,26/1/2022,427.2375488,6408.563232,2
Gavin Foo,C135,MO,24,6/12/2021,42.85572815,1028.537476,1
Gavin Foo,C135,PLD,14,20/9/2021,127.8918762,1790.486267,2
Gavin Foo,C135,NXPI,12,23/12/2021,226.2741089,2715.289307,2
Gavin Foo,C135,HBAN,12,3/1/2022,15.64128399,187.6954079,1
Gavin Foo,C135,V,30,20/10/2021,230.638092,6919.14276,5
Zeaan,C136,FB,12,10/3/2022,195.2100067,2342.52008,1
Zeaan,C136,MKTX,16,15/11/2021,388.5342102,6216.547363,3
Zeaan,C136,PEAK,3,10/1/2022,35.5081749,106.5245247,1
Zeaan,C136,EXPD,30,13/9/2021,126.7673035,3803.019105,2
Zeaan,C136,MKTX,5,14/10/2021,401.7579956,2008.789978,1
Zeaan,C136,ORCL,22,28/1/2022,80.16639709,1763.660736,1
Zeaan,C136,HON,15,24/1/2022,203.3304138,3049.956207,2
Rachel Jecintho,C137,TXN,18,14/1/2022,185.7797394,3344.035309,1
Rachel Jecintho,C137,ABBV,16,8/9/2021,107.9182358,1726.691773,1
Rachel Jecintho,C137,EFX,20,5/10/2021,257.6665649,5153.331298,2
Rachel Jecintho,C137,MSFT,27,1/12/2021,329.3988953,8893.770173,2
Rachel Jecintho,C137,NOC,19,25/10/2021,403.2462158,7661.6781,2
Rachel Jecintho,C137,PCAR,24,19/1/2022,93.82133484,2251.712036,1
Rachel Jecintho,C137,AMP,9,4/10/2021,262.9796448,2366.816803,1
Rachel Jecintho,C137,MDT,17,1/10/2021,125.7534256,2137.808235,1
Adeline,C138,APTV,10,12/1/2022,159.7899933,1597.899933,2
Adeline,C138,POOL,29,25/1/2022,459.1479187,13315.28964,5
Adeline,C138,LMT,12,19/11/2021,336.3227539,4035.873047,4
Adeline,C138,MRO,27,14/12/2021,15.12990189,408.507351,1
Adeline,C138,AMGN,22,10/3/2022,226.9499969,4992.899932,5
Adeline,C138,REGN,10,8/10/2021,550.0200195,5500.200195,5
Angela,C139,MO,5,6/12/2021,42.85572815,214.2786408,1
Angela,C139,ADSK,4,3/11/2021,308.3699951,1233.47998,1
Angela,C139,MAS,19,3/11/2021,63.60559082,1208.506226,1
Angela,C139,AVB,11,25/1/2022,240.0131836,2640.14502,1
Benedict,C140,LEN,28,8/11/2021,104.0301971,2912.845519,5
Benedict,C140,BDX,18,15/10/2021,233.6382446,4205.488403,5
Benedict,C140,ALK,20,12/1/2022,55.15000153,1103.000031,3
Benedict,C140,ACN,15,26/10/2021,355.4185486,5331.278229,5
Benedict,C140,BIIB,15,16/11/2021,261.5499878,3923.249817,5
Benedict,C140,SWK,25,15/9/2021,184.0096741,4600.241853,5
Benedict,C140,ROST,15,14/9/2021,111.7331467,1675.997201,4
Benedict,C140,D,21,29/9/2021,73.07527161,1534.580704,4
Benedict,C140,DGX,23,14/9/2021,152.7157593,3512.462464,5
Benedict,C140,MSFT,24,30/12/2021,338.6198425,8126.87622,5
Benedict,C140,RTX,14,10/3/2022,98.51000214,1379.14003,3
William Goh,C141,AMCR,11,5/1/2022,11.96787834,131.6466617,1
William Goh,C141,HAL,22,29/12/2021,22.85790062,502.8738136,1
William Goh,C141,JPM,10,24/11/2021,164.7440338,1647.440338,2
William Goh,C141,CTLT,21,2/3/2022,102.5500031,2153.550065,2
William Goh,C141,REG,14,14/2/2022,64.55071259,903.7099763,1
William Goh,C141,SBAC,13,12/1/2022,337.7702637,4391.013428,3
William Goh,C141,AMZN,17,29/12/2021,3384.02002,57528.34034,5
Agnes Choo,C142,SYK,9,16/9/2021,274.0548096,2466.493286,1
Agnes Choo,C142,VMC,15,2/2/2022,189.5658264,2843.487396,1
Agnes Choo,C142,AFL,14,29/12/2021,58.42382431,817.9335403,1
Agnes Choo,C142,ADP,3,20/1/2022,219.2173767,657.6521301,1
Agnes Choo,C142,MCD,4,12/10/2021,241.8266144,967.3064576,1
Agnes Choo,C142,ALK,4,9/9/2021,58.20000076,232.800003,1
Agnes Choo,C142,ULTA,13,27/1/2022,351.5799866,4570.539826,2
Robert Liew,C143,MAS,10,15/9/2021,57.9647522,579.647522,1
Robert Liew,C143,BBWI,19,18/11/2021,78.08733368,1483.65934,1
Robert Liew,C143,BAX,29,4/3/2022,86.01999664,2494.579903,1
Robert Liew,C143,NTAP,28,30/9/2021,88.2243042,2470.280518,1
Robert Liew,C143,PEG,15,3/2/2022,66.54667664,998.2001496,1
Robert Liew,C143,CMS,12,12/11/2021,59.57420349,714.8904419,1
Robert Liew,C143,JCI,14,28/10/2021,72.71988678,1018.078415,1
Robert Liew,C143,AWK,30,14/2/2022,148.0299988,4440.899964,1
Robert Liew,C143,PWR,24,15/3/2022,121.6056519,2918.535646,1
Robert Liew,C143,CCL,6,11/3/2022,17.20999908,103.2599945,1
Robert Liew,C143,CPRT,7,17/12/2021,143.1199951,1001.839966,1
James Sim,C144,STE,3,27/10/2021,231.2397614,693.7192842,1
James Sim,C144,CHD,25,30/12/2021,101.148056,2528.7014,4
James Sim,C144,OMC,30,13/1/2022,78.15261078,2344.578323,4
Ronia,C145,UHS,26,1/12/2021,116.2292633,3021.960846,3
Ronia,C145,GM,11,4/1/2022,65.73999786,723.1399765,1
Ronia,C145,TMO,6,25/2/2022,549.5222168,3297.133301,3
Ronia,C145,ALLE,3,31/12/2021,131.9549561,395.8648683,1
Ronia,C145,NUE,26,3/1/2022,112.6644516,2929.275742,3
Ronia,C145,PLD,20,1/11/2021,143.4200439,2868.400878,3
Ronia,C145,NVDA,12,2/9/2021,223.8944397,2686.733276,3
Ronia,C145,CPB,30,9/3/2022,42.27854919,1268.356476,2
Ronia,C145,TYL,6,22/3/2022,441.3299866,2647.97992,3
Pragathi,C146,UAL,23,22/10/2021,46.72999954,1074.789989,1
Pragathi,C146,ETR,8,3/1/2022,110.3906326,883.1250608,1
Pragathi,C146,ETN,22,3/3/2022,154.1282196,3390.820831,1
Pragathi,C146,TSCO,14,28/10/2021,208.7166595,2922.033233,1
Michael,C147,ZBRA,2,3/9/2021,590.5999756,1181.199951,1
Michael,C147,PNC,6,17/2/2022,201.3000031,1207.800019,1
Michael,C147,CMS,19,4/11/2021,59.59406281,1132.287193,1
Michael,C147,ANSS,8,23/9/2021,361.0400085,2888.320068,2
Michael,C147,NSC,8,4/11/2021,283.2901917,2266.321534,2
Teo Zi Chen,C148,RCL,9,14/9/2021,82.41999817,741.7799835,1
Teo Zi Chen,C148,ADBE,5,8/2/2022,511.3099976,2556.549988,2
Teo Zi Chen,C148,HST,2,25/2/2022,18.72162056,37.44324112,1
Arjun Reddy,C149,SYF,19,31/1/2022,42.37695313,805.1621095,1
Arjun Reddy,C149,WEC,12,24/1/2022,94.37774658,1132.532959,1
Arjun Reddy,C149,CNC,12,7/2/2022,80.79000092,969.480011,1
Arjun Reddy,C149,CDNS,4,13/9/2021,164.6300049,658.5200196,1
Arjun Reddy,C149,DUK,17,9/9/2021,102.5837326,1743.923454,1
Arjun Reddy,C149,ES,23,15/9/2021,84.07275391,1933.67334,1
Arjun Reddy,C149,CINF,11,8/10/2021,118.8056641,1306.862305,1
Arjun Reddy,C149,ABBV,11,13/1/2022,133.5200043,1468.720047,1
Arjun Reddy,C149,PXD,6,7/2/2022,222.6902924,1336.141754,1
Arjun Reddy,C149,CTRA,22,27/10/2021,21.572052,474.585144,1
Arjun Reddy,C149,TAP,4,14/10/2021,45.63010406,182.5204162,1
Simon Liu,C150,GPN,16,28/1/2022,147.0424805,2352.679688,1
Simon Liu,C150,JPM,2,1/3/2022,135.4460144,270.8920288,1
Simon Liu,C150,LHX,12,16/9/2021,219.0464172,2628.557006,1
Simon Liu,C150,ALLE,18,7/12/2021,130.8985291,2356.173524,1
Simon Liu,C150,PSA,16,11/10/2021,298.7304688,4779.687501,1
Simon Liu,C150,VRSK,19,6/1/2022,212.3078461,4033.849076,1
Simon Liu,C150,MCK,17,12/1/2022,254.1954193,4321.322128,1
Simon Liu,C150,APTV,13,7/10/2021,164.8000031,2142.40004,1
Simon Liu,C150,LLY,15,2/12/2021,246.8495331,3702.742997,1
Simon Liu,C150,CTRA,22,27/10/2021,21.572052,474.585144,1
Simon Liu,C150,CSCO,25,16/3/2022,55.43041229,1385.760307,1
Peter Parker,C151,CBOE,26,22/9/2021,123.5282135,3211.733551,1
Peter Parker,C151,TMUS,12,20/1/2022,104.0599976,1248.719971,1
Peter Parker,C151,JPM,22,10/2/2022,154.802536,3405.655792,1
Benjamin Franklin,C152,CHTR,25,4/2/2022,608.9199829,15222.99957,5
Benjamin Franklin,C152,PEAK,28,16/9/2021,34.67687225,970.952423,2
Benjamin Franklin,C152,ICE,11,21/9/2021,116.1151581,1277.266739,2
Benjamin Franklin,C152,HSY,29,3/2/2022,203.0133514,5887.387191,5
Benjamin Franklin,C152,PKI,8,15/9/2021,186.6919861,1493.535889,3
Benjamin Franklin,C152,KR,11,15/9/2021,40.71020508,447.8122559,1
Benjamin Franklin,C152,AMP,6,24/9/2021,269.4426575,1616.655945,3
Benjamin Franklin,C152,FTNT,21,2/2/2022,309.8800049,6507.480103,5
Benjamin Franklin,C152,REG,30,14/1/2022,75.09121704,2252.736511,4
Benjamin Franklin,C152,WEC,7,9/11/2021,88.40782928,618.854805,1
Olive Stone,C153,IP,22,21/1/2022,46.82035065,1030.047714,1
Olive Stone,C153,VRTX,14,29/11/2021,190.1100006,2661.540008,1
Olive Stone,C153,BAC,19,9/12/2021,44.27353287,841.1971245,1
Olive Stone,C153,NTAP,27,9/9/2021,90.51444244,2443.889946,1
Olive Stone,C153,NCLH,5,20/9/2021,25.11000061,125.5500031,1
Olive Stone,C153,ETSY,8,29/11/2021,281.480011,2251.840088,1
Olive Stone,C153,DTE,28,8/10/2021,112.5059509,3150.166625,1
Olive Stone,C153,BXP,22,1/10/2021,110.0519028,2421.141862,1
Olive Stone,C153,PEAK,4,12/1/2022,35.67664719,142.7065888,1
Olive Stone,C153,GOOGL,6,27/12/2021,2958.129883,17748.7793,3
Olive Stone,C153,ADBE,10,19/11/2021,688.3699951,6883.699951,2
Adam Carrington,C154,MKC,5,1/12/2021,85.90536499,429.526825,1
Adam Carrington,C154,ANTM,13,9/2/2022,466.6965027,6067.054535,4
Adam Carrington,C154,PNR,8,26/1/2022,62.33000183,498.6400146,1
Adam Carrington,C154,AME,8,9/2/2022,136.2868652,1090.294922,1
Adam Carrington,C154,BR,28,23/11/2021,171.6793213,4807.020996,3
Adam Carrington,C154,MU,4,20/10/2021,68.10421753,272.4168701,1
Ben Stone,C155,GIS,3,10/2/2022,66.58938599,199.768158,1
Ben Stone,C155,NUE,4,30/12/2021,113.4717636,453.8870544,1
Ben Stone,C155,NDSN,21,3/1/2022,250.4706421,5259.883484,5
Ben Stone,C155,MRO,23,17/2/2022,21.88999939,503.469986,1
Ben Stone,C155,TSN,5,10/9/2021,74.01333618,370.0666809,1
Ben Stone,C155,CERN,30,21/10/2021,71.45200348,2143.560104,3
Ben Stone,C155,INTU,10,10/12/2021,676.2335815,6762.335815,5
Micheala Stone,C156,UAA,11,12/11/2021,25.02000046,275.2200051,1
Micheala Stone,C156,CLX,10,27/10/2021,158.523941,1585.23941,1
Micheala Stone,C156,AVGO,4,6/12/2021,557.618042,2230.472168,1
Micheala Stone,C156,AZO,14,19/1/2022,1945.890015,27242.46021,3
Micheala Stone,C156,TPR,21,8/2/2022,39.35064316,826.3635064,1
Micheala Stone,C156,MS,5,16/11/2021,99.99318695,499.9659348,1
Micheala Stone,C156,GM,29,22/3/2022,44.56000137,1292.24004,1
Ezekiel Landon,C157,FE,20,9/9/2021,37.64096069,752.8192138,1
Ezekiel Landon,C157,NRG,26,13/1/2022,40.54122925,1054.071961,1
Ezekiel Landon,C157,KMI,17,30/11/2021,15.22120094,258.760416,1
Ezekiel Landon,C157,ITW,8,22/12/2021,235.245636,1881.965088,1
Ezekiel Landon,C157,ORCL,2,31/12/2021,86.54864502,173.09729,1
Ezekiel Landon,C157,NVR,26,10/9/2021,5132.129883,133435.377,5
Ezekiel Landon,C157,MMC,5,16/12/2021,168.8896637,844.4483185,1
Ezekiel Landon,C157,IPG,23,15/11/2021,35.56592178,818.0162009,1
Anthony Bridgerton,C158,AOS,5,16/9/2021,66.12449646,330.6224823,1
Anthony Bridgerton,C158,BLL,5,21/3/2022,93.58000183,467.9000092,1
Anthony Bridgerton,C158,COST,19,5/1/2022,549.0877686,10432.6676,3
Anthony Bridgerton,C158,PGR,17,21/1/2022,107.9254379,1834.732444,0
Anthony Bridgerton,C158,QRVO,24,7/1/2022,154.6900024,3712.560058,2
Anthony Bridgerton,C158,CNP,27,24/11/2021,26.60075951,718.2205068,1
Kate Sharma,C159,SNPS,23,9/12/2021,354.480011,8153.040253,4
Kate Sharma,C159,LUMN,24,22/2/2022,9.548246384,229.1579132,1
Kate Sharma,C159,MRK,27,23/11/2021,81.29868317,2195.064446,1
Kate Sharma,C159,PSA,17,22/10/2021,322.6902161,5485.733674,3
Kate Sharma,C159,DHI,21,24/11/2021,100.6010818,2112.622718,1
Kate Sharma,C159,ROK,26,27/1/2022,285.8210449,7431.347167,3
Kate Sharma,C159,CMA,12,10/1/2022,96.36987305,1156.438477,1
Kate Sharma,C159,ADM,23,29/9/2021,60.12475204,1382.869297,0
Kate Sharma,C159,DVN,22,28/10/2021,39.08634186,859.8995209,1
Jake McAdams,C160,MMM,22,7/2/2022,159.6269531,3511.792968,1
Jake McAdams,C160,MO,22,17/12/2021,46.54037857,1023.888329,1
Jake McAdams,C160,C,14,5/10/2021,71.44539642,1000.23555,1
Jake McAdams,C160,DUK,8,18/10/2021,97.91637421,783.3309937,1
Jake McAdams,C160,NWL,7,27/12/2021,21.62964821,151.4075375,1
Jake McAdams,C160,AWK,16,4/1/2022,178.724823,2859.597168,1
Jake McAdams,C160,VRTX,4,5/10/2021,177.0099945,708.039978,1
Robin Uthappa,C161,SLB,24,19/11/2021,29.83042908,715.9302979,2
Robin Uthappa,C161,AEE,24,3/11/2021,83.10018921,1994.404541,3
Robin Uthappa,C161,GPN,2,11/1/2022,148.809021,297.618042,1
Robin Uthappa,C161,FB,7,20/9/2021,355.7000122,2489.900085,4
Robin Uthappa,C161,HPQ,21,8/12/2021,36.45263672,765.5053711,2
Robin Uthappa,C161,LKQ,5,27/10/2021,53.6702919,268.3514595,1
Robin Uthappa,C161,AAP,22,28/2/2022,203.0019684,4466.043305,5
Robin Uthappa,C161,COO,11,3/12/2021,391.5304871,4306.835358,5
Robin Uthappa,C161,DHR,26,16/11/2021,305.1246643,7933.241272,5
Anabel ,C162,FBHS,15,14/1/2022,101.1425781,1517.138671,1
Anabel ,C162,MS,14,24/2/2022,91.80999756,1285.339966,1
James Gosling,C163,TJX,9,2/9/2021,71.33834839,642.0451355,1
James Gosling,C163,HPQ,23,8/3/2022,35.63000107,819.4900246,1
James Gosling,C163,NEM,27,29/12/2021,60.19040298,1625.14088,2
James Gosling,C163,GPN,17,23/9/2021,163.3408966,2776.795242,3
James Gosling,C163,DLR,28,18/11/2021,161.7208405,4528.183534,4
Adam Sandlers,C164,OMC,9,24/1/2022,74.90327454,674.1294709,1
Adam Sandlers,C164,ADI,10,28/2/2022,160.2899933,1602.899933,3
Adam Sandlers,C164,HPE,20,19/10/2021,15.13981628,302.7963256,1
Adam Sandlers,C164,CTXS,22,18/10/2021,100.0506897,2201.115173,3
Adam Sandlers,C164,EMR,28,8/12/2021,91.99608612,2575.890411,4
Rudolph Hitler,C165,MHK,3,6/1/2022,180.4700012,541.4100036,1
Rudolph Hitler,C165,LVS,29,9/9/2021,43.66999817,1266.429947,1
Rudolph Hitler,C165,ADBE,9,9/11/2021,667.9199829,6011.279846,1
Rudolph Hitler,C165,CZR,26,20/10/2021,113.5299988,2951.779969,1
Rudolph Hitler,C165,BIIB,3,18/1/2022,233.8099976,701.4299928,1
Rudolph Hitler,C165,EMN,11,15/3/2022,106,1166,1
Rudolph Hitler,C165,ZTS,22,2/2/2022,202.1699982,4447.73996,1
Rudolph Hitler,C165,BAC,27,23/2/2022,44.56211853,1203.1772,1
Rudolph Hitler,C165,D,5,27/10/2021,74.68714905,373.4357453,1
Mabel  Foo,C166,TWTR,30,17/9/2021,62.47000122,1874.100037,1
Mabel  Foo,C166,ADM,18,17/3/2022,83.77999878,1508.039978,1
Francis Low,C167,ATO,23,28/1/2022,105.4298706,2424.887024,1
Francis Low,C167,BK,17,8/3/2022,50.72999954,862.4099922,1
Jaehyun Park,C168,GM,29,17/3/2022,43.65999985,1266.139996,0
Jaehyun Park,C168,BRO,17,21/10/2021,65.42262268,1112.184586,1
Rishi Mohanty,C169,JKHY,15,1/11/2021,165.0762024,2476.143036,4
Rishi Mohanty,C169,PPL,20,1/12/2021,27.28405571,545.6811142,1
Rishi Mohanty,C169,BKNG,6,24/9/2021,2491.350098,14948.10059,5
Rishi Mohanty,C169,SYK,7,25/10/2021,271.6566162,1901.596313,3
Rishi Mohanty,C169,SNA,10,2/2/2022,209.6690674,2096.690674,3
Rishi Mohanty,C169,BA,27,17/12/2021,192.6300049,5201.010132,5
Rishi Mohanty,C169,GL,11,7/12/2021,91.46479797,1006.112778,2
Saravanan Chandran,C170,DIS,22,13/12/2021,150.4299927,3309.459839,1
Saravanan Chandran,C170,DVN,7,11/11/2021,41.22885513,288.6019859,1
Saravanan Chandran,C170,FLT,3,29/9/2021,265.9200134,797.7600402,1
Saravanan Chandran,C170,HLT,20,8/12/2021,144.3899994,2887.799988,1
Saravanan Chandran,C170,PEP,11,8/2/2022,170.8959961,1879.855957,1
Saravanan Chandran,C170,EXC,8,14/10/2021,35.11385727,280.9108582,1
Saravanan Chandran,C170,SO,6,24/1/2022,66.68372345,400.1023407,1
Saravanan Chandran,C170,IT,14,18/2/2022,288.230011,4035.220154,2
Vijay Prakash,C171,LNC,13,22/3/2022,66.52459717,864.8197632,1
Vijay Prakash,C171,ICE,15,15/12/2021,134.3967743,2015.951615,1
Vijay Prakash,C171,AZO,3,4/1/2022,2080.25,6240.75,2
Vijay Prakash,C171,LLY,11,8/11/2021,258.6072388,2844.679627,1
Vijay Prakash,C171,BA,26,15/9/2021,214.2200012,5569.720031,2
Vijay Prakash,C171,FISV,5,7/10/2021,109.2600021,546.3000105,1
Vijay Prakash,C171,ES,12,13/9/2021,86.46547699,1037.585724,1
Vijay Prakash,C171,RE,24,14/10/2021,274.6667175,6592.00122,2
Vijay Prakash,C171,GILD,24,18/2/2022,60.28160858,1446.758606,1
Vijay Prakash,C171,J,12,13/12/2021,140.6142426,1687.370911,1
Vijay Prakash,C171,AVGO,24,12/1/2022,617.8221436,14827.73145,4
Paarivendhan,C172,VZ,29,5/11/2021,50.99712372,1478.916588,1
Paarivendhan,C172,UDR,13,22/12/2021,58.07437897,754.9669266,1
Paarivendhan,C172,BLL,27,28/9/2021,89.32373047,2411.740723,1
Paarivendhan,C172,ABBV,10,12/1/2022,135.8799896,1358.799896,1
Paarivendhan,C172,SNPS,9,3/3/2022,308.8399963,2779.559967,0
Paarivendhan,C172,KMB,3,15/3/2022,121.0500031,363.1500093,1
Paarivendhan,C172,TFC,2,14/1/2022,66.916008,133.832016,1
Paarivendhan,C172,UAA,13,8/10/2021,20.44000053,265.7200069,1
Paarivendhan,C172,COF,24,5/10/2021,167.4355774,4018.453858,1
Paarivendhan,C172,MDLZ,4,25/1/2022,66.60824585,266.4329834,1
Seetha,C173,DISH,14,14/12/2021,32.22000122,451.0800171,1
Seetha,C173,CTXS,16,3/11/2021,93.7602005,1500.163208,1
Seetha,C173,CF,24,14/12/2021,61.99668884,1487.920532,1
Seetha,C173,TXT,5,11/10/2021,71.11074066,355.5537033,1
Seetha,C173,CPT,24,10/11/2021,162.9136963,3909.928711,2
Seetha,C173,REG,19,11/1/2022,75.67569733,1437.838249,1
Seetha,C173,DHI,15,12/10/2021,83.31510162,1249.726524,1
Seetha,C173,K,11,26/1/2022,64.22777557,706.5055313,1
Seetha,C173,BAX,3,22/10/2021,81.61608124,244.8482437,1
Malarvizhi,C174,ADP,10,25/10/2021,216.0253296,2160.253296,1
Malarvizhi,C174,ENPH,18,27/10/2021,216.2200012,3891.960022,1
Malarvizhi,C174,DGX,21,20/1/2022,136.4971008,2866.439117,1
Malarvizhi,C174,DUK,25,19/10/2021,99.16165161,2479.04129,1
Malarvizhi,C174,MET,15,3/11/2021,64.33953857,965.0930786,1
Malarvizhi,C174,VTR,20,8/9/2021,54.97478104,1099.495621,1
Malarvizhi,C174,MRO,14,21/1/2022,18.04026413,252.5636978,1
Malarvizhi,C174,CCL,23,16/9/2021,23.09000015,531.0700035,1
Malarvizhi,C174,ZTS,29,30/11/2021,221.6839752,6428.835281,2
Adam Davies,C175,CNC,28,10/2/2022,84.15000153,2356.200043,1
Adam Davies,C175,ROL,3,4/2/2022,30.34986877,91.04960631,1
Adam Davies,C175,COST,26,15/12/2021,564.6242065,14680.22937,4
Adam Davies,C175,HUM,20,29/10/2021,461.6390686,9232.781372,3
Adam Davies,C175,FAST,2,30/12/2021,63.46100235,126.9220047,1
Adam Davies,C175,TGT,7,28/9/2021,231.6412964,1621.489075,1
Adam Davies,C175,KEY,13,23/11/2021,23.58271217,306.5752582,1
Adam Davies,C175,FFIV,8,11/10/2021,202.3000031,1618.400025,1
Adam Davies,C175,FBHS,10,13/9/2021,96.75844574,967.5844574,1
Adam Davies,C175,CAT,5,28/2/2022,187.5800018,937.900009,1
Anna Williams,C176,HLT,22,13/12/2021,142.4100037,3133.020081,3
Anna Williams,C176,FTNT,29,15/12/2021,336.7799988,9766.619965,5
Maria Fadeeva,C177,PLD,28,24/9/2021,126.7423782,3548.78659,3
Maria Fadeeva,C177,EW,12,18/1/2022,115.8300018,1389.960022,2
Maria Fadeeva,C177,ZBH,13,24/11/2021,125.9877167,1637.840317,2
Maria Fadeeva,C177,FTV,14,14/9/2021,74.829216,1047.609024,1
Russell Smith,C178,DD,2,11/3/2022,72.48999786,144.9799957,1
Russell Smith,C178,PNW,25,19/1/2022,70.10855865,1752.713966,4
Russell Smith,C178,JPM,14,18/10/2021,164.3394775,2300.752685,5
Russell Smith,C178,MET,13,14/9/2021,59.90436935,778.7568016,2
Russell Smith,C178,GS,15,16/12/2021,395.0413818,5925.620727,5
Russell Smith,C178,JKHY,29,21/9/2021,166.8658905,4839.110825,5
Russell Smith,C178,PPL,18,5/11/2021,28.09602356,505.7284241,2
David Cameron,C179,NSC,7,1/12/2021,267.8687744,1875.081421,1
David Cameron,C179,AJG,27,9/11/2021,160.5648804,4335.251771,1
David Cameron,C179,EXR,16,22/11/2021,197.209137,3155.346192,1
David Cameron,C179,ADP,23,11/2/2022,202.7792969,4663.923829,1
David Cameron,C179,IPG,2,5/10/2021,37.40672302,74.81344604,1
David Cameron,C179,DXCM,23,7/10/2021,539.1900024,12401.37006,1
Jeremy Hunter,C180,TJX,10,18/1/2022,68.65565491,686.5565491,1
Jeremy Hunter,C180,HUM,30,3/2/2022,425.445343,12763.36029,1
Jeremy Hunter,C180,ZBH,17,1/12/2021,115.8522186,1969.487716,1
Jeremy Hunter,C180,GOOGL,7,21/10/2021,2837.719971,19864.0398,2
Brandon,C181,TJX,8,23/11/2021,70.68811798,565.5049438,1
Brandon,C181,WHR,11,20/12/2021,218.1856689,2400.042358,2
Brandon,C181,EW,10,8/10/2021,108.7300034,1087.300034,1
Brandon,C181,TMO,18,21/12/2021,644.9787598,11609.61768,5
Brandon,C181,EXR,29,9/3/2022,196.4588623,5697.307007,3
Brandon,C181,CI,12,31/12/2021,228.5487213,2742.584656,2
Walter,C182,PYPL,9,21/9/2021,269.4899902,2425.409912,3
Walter,C182,SHW,26,30/11/2021,330.4724731,8592.284301,5
Scott,C183,BXP,22,4/3/2022,122.2491531,2689.481368,0
Scott,C183,GNRC,19,7/2/2022,279.9700012,5319.430023,2
Scott,C183,PSX,19,12/10/2021,80.80342102,1535.264999,1
Scott,C183,SHW,6,8/12/2021,341.4270325,2048.562195,1
Scott,C183,ADBE,26,31/1/2022,534.2999878,13891.79968,3
Scott,C183,PLD,26,1/3/2022,145.0150146,3770.39038,1
Scott,C183,KMB,7,7/2/2022,132.0791779,924.5542453,1
Scott,C183,STT,24,2/2/2022,96.96620941,2327.189026,1
Joleen Teo,C184,GM,6,18/10/2021,56.88999939,341.3399963,1
Joleen Teo,C184,WELL,13,25/10/2021,79.82085419,1037.671104,1
Joleen Teo,C184,INTU,2,22/11/2021,659.9549561,1319.909912,1
Joleen Teo,C184,PKG,24,10/3/2022,148.0149384,3552.358522,1
Joleen Teo,C184,MDT,27,22/2/2022,103.1044846,2783.821084,0
Joleen Teo,C184,OKE,14,12/10/2021,61.08716583,855.2203216,1
Joleen Teo,C184,DG,2,20/10/2021,214.3245392,428.6490784,1
Sophia Grace,C185,BIIB,9,19/10/2021,268.1300049,2413.170044,2
Sophia Grace,C185,SLB,11,25/2/2022,39.45000076,433.9500084,1
Sophia Grace,C185,UHS,7,5/11/2021,129.4867401,906.4071807,1
Sophia Grace,C185,BRO,21,25/2/2022,67.58999634,1419.389923,1
Devopriya Tirtho,C186,FANG,9,9/9/2021,74.67044067,672.033966,1
Devopriya Tirtho,C186,CMS,21,12/11/2021,59.57420349,1251.058273,1
Devopriya Tirtho,C186,LRCX,25,26/11/2021,638.5253906,15963.13477,5
Devopriya Tirtho,C186,XOM,28,8/3/2022,87.77999878,2457.839966,1
Devopriya Tirtho,C186,ABT,19,22/10/2021,126.2746048,2399.217491,1
Devopriya Tirtho,C186,HLT,21,17/11/2021,144.5299988,3035.129975,2
Devopriya Tirtho,C186,ZION,28,16/2/2022,73.91000366,2069.480102,1
Mahia Mizan,C187,CLX,13,27/1/2022,165.4700012,2151.110016,1
Mahia Mizan,C187,TROW,9,3/9/2021,214.3413391,1929.072052,1
Mahia Mizan,C187,SBAC,5,7/1/2022,347.1497192,1735.748596,1
Mahia Mizan,C187,D,12,16/11/2021,74.11709595,889.4051514,1
Mahia Mizan,C187,MCHP,22,19/11/2021,82.38608551,1812.493881,1
Mahia Mizan,C187,VFC,13,18/3/2022,57.49000168,747.3700218,1
Mahia Mizan,C187,PXD,14,13/1/2022,203.8312378,2853.637329,1
Mahia Mizan,C187,DUK,25,31/12/2021,103.8616486,2596.541215,1
Mahia Mizan,C187,ROK,12,15/3/2022,261.019989,3132.239868,1
Mahia Mizan,C187,PRU,8,6/10/2021,105.7351685,845.881348,1
Arjit Das,C188,CB,28,13/12/2021,188.727005,5284.35614,1
Arjit Das,C188,ZION,12,15/3/2022,65.36000061,784.3200073,1
Arjit Das,C188,SYF,11,9/9/2021,46.12945175,507.4239693,1
Arjit Das,C188,ROL,17,29/9/2021,35.85104752,609.4678078,1
Arjit Das,C188,HAL,23,24/1/2022,28.48767853,655.2166062,1
Tanzim Naseer,C189,AAL,16,1/10/2021,21.64999962,346.3999939,1
Tanzim Naseer,C189,PCAR,16,2/3/2022,91.63999939,1466.23999,1
Tanzim Naseer,C189,DLTR,27,3/11/2021,113.2699966,3058.289908,1
Tanzim Naseer,C189,HUM,28,12/11/2021,443.9573059,12430.80457,3
Tanzim Naseer,C189,REGN,24,6/10/2021,546.5700073,13117.68018,3
Tanzim Naseer,C189,SYF,18,15/12/2021,46.48629379,836.7532882,1
Tasnim Rahman,C190,TSN,11,1/10/2021,77.48641968,852.3506165,1
Tasnim Rahman,C190,WHR,26,31/12/2021,232.5450897,6046.172332,5
Tasnim Rahman,C190,FDS,26,30/9/2021,393.2513123,10224.53412,5
Tasnim Rahman,C190,IFF,28,22/2/2022,132.9023438,3721.265626,4
Tasnim Rahman,C190,KMB,19,1/12/2021,129.4951935,2460.408677,3
Tasnim Rahman,C190,MA,12,3/11/2021,328.5422974,3942.507569,4
Tasnim Rahman,C190,HSY,8,19/1/2022,198.7523804,1590.019043,2
Tasnim Rahman,C190,ABBV,29,6/12/2021,120.1037064,3483.007486,3
Tasnim Rahman,C190,OXY,25,11/2/2022,42.87766647,1071.941662,1
Tasnim Rahman,C190,SEE,21,11/2/2022,63.5022049,1333.546303,2
Razali Azim,C191,HWM,13,4/3/2022,33.84999847,440.0499801,1
Razali Azim,C191,UNP,21,2/12/2021,237.7746429,4993.267501,2
Razali Azim,C191,WST,24,6/1/2022,407.5467224,9781.121338,4
Razali Azim,C191,PPG,25,4/1/2022,170.5847015,4264.617538,2
Razali Azim,C191,PYPL,14,4/1/2022,191.1399994,2675.959992,2
Mehaboob,C192,ULTA,27,29/11/2021,401.4200134,10838.34036,3
Mehaboob,C192,TECH,9,15/11/2021,501.3913879,4512.522491,2
Mehaboob,C192,PWR,15,12/1/2022,110.081749,1651.226235,1
Mehaboob,C192,NFLX,7,16/2/2022,398.0799866,2786.559906,1
Mehaboob,C192,ILMN,5,1/11/2021,416.7999878,2083.999939,1
Mehaboob,C192,JNJ,22,24/1/2022,161.930542,3562.471924,1
Mehaboob,C192,PSA,19,12/1/2022,365.3890991,6942.392883,2
Mehaboob,C192,WTW,18,8/3/2022,216.7472839,3901.45111,1
Lucinda Grey,C193,STT,2,29/12/2021,92.6397934,185.2795868,1
Lucinda Grey,C193,MAR,20,23/2/2022,167.9700012,3359.400024,1
Lucinda Grey,C193,POOL,2,31/1/2022,475.3781738,950.7563476,1
Lucinda Grey,C193,XEL,24,10/3/2022,69.67395782,1672.174988,1
Lucinda Grey,C193,KMI,4,21/3/2022,18.06999969,72.27999876,1
Lucinda Grey,C193,RSG,28,21/3/2022,131.0807953,3670.262268,1
Lucinda Grey,C193,JCI,17,9/12/2021,78.21621704,1329.67569,1
Lucinda Grey,C193,RHI,7,2/3/2022,117.4800034,822.3600238,1
Lucinda Grey,C193,VLO,16,22/12/2021,70.49267578,1127.882812,1
Dexter ,C194,LIN,8,18/10/2021,305.7177124,2445.741699,2
Dexter ,C194,PNR,7,1/12/2021,72.01118469,504.0782928,1
Dexter ,C194,ORCL,5,16/11/2021,94.88494873,474.4247437,1
Dexter ,C194,D,7,3/2/2022,80.33542633,562.3479843,1
Dexter ,C194,GPN,12,7/3/2022,122.4106445,1468.927734,1
Dexter ,C194,TWTR,10,10/11/2021,52.33000183,523.3000183,1
Dexter ,C194,QCOM,28,17/3/2022,152.8300018,4279.24005,2
Dexter ,C194,PRU,23,17/11/2021,107.9973526,2483.93911,2
Anna Sullivan,C195,AIG,22,7/3/2022,54.37120438,1196.166496,1
Anna Sullivan,C195,ULTA,17,29/10/2021,367.3599854,6245.119752,5
Anna Sullivan,C195,PVH,19,17/12/2021,97.69136047,1856.135849,2
Anna Sullivan,C195,HOLX,8,23/11/2021,74.34999847,594.7999878,1
Anna Sullivan,C195,LUV,29,15/3/2022,42.06000137,1219.74004,1
Anna Sullivan,C195,V,7,5/1/2022,219.6426544,1537.498581,2
Anna Sullivan,C195,HPE,28,16/2/2022,17.51069069,490.2993393,1
Verene Tay,C196,WST,9,4/3/2022,387.1900024,3484.710022,3
Verene Tay,C196,FAST,25,19/1/2022,57.70267105,1442.566776,2
Verene Tay,C196,EA,27,13/1/2022,130.6638336,3527.923507,3
Verene Tay,C196,MPC,15,31/12/2021,63.52114868,952.8172302,1
Anthony Tan,C197,FTNT,18,2/12/2021,313.1099854,5635.979737,2
Anthony Tan,C197,ICE,29,8/10/2021,127.4143677,3695.016663,1
Anthony Tan,C197,T,3,27/10/2021,24.56091118,73.68273354,1
Anthony Tan,C197,PNC,10,25/2/2022,202.6699982,2026.699982,1
Anthony Tan,C197,PKI,13,10/11/2021,175.8103638,2285.534729,1
Anthony Tan,C197,PSX,25,11/3/2022,80.76999664,2019.249916,1
Anthony Tan,C197,C,6,13/12/2021,59.70970154,358.2582092,1
Anthony Tan,C197,EXR,20,16/12/2021,212.7733612,4255.467224,1
Emerson Lee,C198,BBY,4,16/2/2022,98.74707794,394.9883118,1
Emerson Lee,C198,ZBH,28,23/11/2021,126.1908112,3533.342714,1
Emerson Lee,C198,ITW,26,22/9/2021,212.1898804,5516.93689,1
Dawn Teo,C199,SBNY,9,19/11/2021,331.3815002,2982.433502,5
Dawn Teo,C199,PNW,24,20/12/2021,66.87779999,1605.0672,5
Dawn Teo,C199,PWR,24,4/10/2021,113.0111313,2712.267151,5
Dawn Teo,C199,IVZ,2,10/9/2021,24.17110252,48.34220504,1
Rose Dawson,C200,MO,18,7/3/2022,51.95625687,935.2126237,1
Rose Dawson,C200,NVR,9,30/12/2021,5906.029785,53154.26807,5
Rose Dawson,C200,IDXX,30,8/9/2021,687.7000122,20631.00037,5
Rose Dawson,C200,PH,4,12/11/2021,332.9052734,1331.621094,1
Rose Dawson,C200,DRI,25,17/9/2021,146.0172577,3650.431443,1
Rose Dawson,C200,OXY,29,15/10/2021,31.57435417,915.6562709,1
Rose Dawson,C200,SNPS,23,10/2/2022,311.1499939,7156.44986,2
Regina Cassandra,C201,MKC,14,1/10/2021,79.7702179,1116.783051,1
Regina Cassandra,C201,HRL,24,21/12/2021,47.02821732,1128.677216,1
Regina Cassandra,C201,K,6,1/3/2022,63.34000015,380.0400009,1
Regina Cassandra,C201,BKNG,26,22/2/2022,2518.219971,65473.71925,5
Sathya Prakash,C202,FE,10,27/12/2021,40.07968521,400.7968521,1
Sathya Prakash,C202,ADI,9,21/10/2021,177.2626648,1595.363983,1
Elon ,C203,AVY,3,29/12/2021,216.2721252,648.8163756,1
Elon ,C203,MCD,24,30/9/2021,238.4541626,5722.899902,2
Elon ,C203,TT,15,1/11/2021,179.9728699,2699.593049,0
Elon ,C203,PLD,19,18/10/2021,138.5247498,2631.970246,0
Ethan,C204,PENN,6,2/2/2022,45.66999817,274.019989,1
Ethan,C204,PENN,13,8/12/2021,52.93999863,688.2199822,1
Ethan,C204,HCA,27,31/1/2022,239.5468445,6467.764801,2
Bryant James,C205,ABBV,15,9/12/2021,122.8749542,1843.124313,1
Bryant James,C205,ADSK,16,23/9/2021,292.1600037,4674.560059,2
Bryant James,C205,IDXX,26,19/11/2021,647.2700195,16829.02051,5
Bryant James,C205,FBHS,11,8/3/2022,81.37000275,895.0700303,1
Bryant James,C205,HWM,26,20/12/2021,29.24205399,760.2934037,1
Bryant James,C205,FAST,27,26/10/2021,55.7235527,1504.535923,1
Bryant James,C205,EXC,11,11/3/2022,43.63000107,479.9300118,1
Bryant James,C205,JNJ,30,2/3/2022,166.0399933,4981.199799,2
Bryant James,C205,XOM,29,11/3/2022,84.91999817,2462.679947,1
Bryant James,C205,CDNS,23,29/9/2021,152.25,3501.75,1
Bryant James,C205,MAA,18,7/1/2022,215.3340607,3876.013093,2
Blake Carrington,C206,GNRC,12,13/12/2021,345.480011,4145.760132,3
Blake Carrington,C206,CRM,4,30/11/2021,284.9599915,1139.839966,1
Blake Carrington,C206,INTU,12,6/12/2021,643.7061768,7724.474122,5
Andre Rusell,C207,IFF,27,17/2/2022,134.8500519,3640.951401,1
Andre Rusell,C207,NWS,12,14/9/2021,21.31032562,255.7239074,1
Andre Rusell,C207,ALGN,17,5/10/2021,648.5800171,11025.86029,2
Andre Rusell,C207,CBRE,19,1/2/2022,101.5299988,1929.069977,1
Andre Rusell,C207,LYB,11,3/3/2022,98.69000244,1085.590027,1
Andre Rusell,C207,HAS,10,25/10/2021,87.21277618,872.1277618,1
Andre Rusell,C207,SBAC,23,13/12/2021,364.2223206,8377.113374,1
Aryan Khan,C208,ABC,12,17/9/2021,122.6183243,1471.419892,1
Aryan Khan,C208,GM,20,21/10/2021,58.40999985,1168.199997,1
Aryan Khan,C208,TXT,16,20/9/2021,68.56214142,1096.994263,1
Aryan Khan,C208,FMC,19,13/9/2021,97.14599609,1845.773926,1
Aryan Khan,C208,TER,24,31/12/2021,163.3789825,3921.09558,2
Aryan Khan,C208,ODFL,9,25/10/2021,324.2081909,2917.873718,1
Brooke ,C209,NLOK,5,28/1/2022,25.52630806,127.6315403,1
Brooke ,C209,ROP,15,3/9/2021,484.3370972,7265.056458,4
Brooke ,C209,WEC,17,11/3/2022,93.86000061,1595.62001,1
Brooke ,C209,MSFT,3,4/2/2022,305.3087158,915.9261474,1
Brooke ,C209,ROK,25,25/1/2022,300.4118652,7510.29663,4
Silvia Heng,C210,RSG,7,24/2/2022,117.0688171,819.4817197,1
Silvia Heng,C210,FIS,25,7/12/2021,106.008255,2650.206375,1
Silvia Heng,C210,GL,7,22/9/2021,87.35664368,611.4965058,1
Silvia Heng,C210,PFE,12,12/10/2021,41.17279816,494.0735779,1
Silvia Heng,C210,LOW,8,14/3/2022,226.5099945,1812.079956,1
Silvia Heng,C210,MTCH,15,17/3/2022,95.26000214,1428.900032,1
Silvia Heng,C210,AJG,11,21/10/2021,162.453186,1786.985046,1
Silvia Heng,C210,AOS,12,1/3/2022,66.62999725,799.559967,1
Sandra Chen,C211,FDX,2,21/1/2022,244.0800323,488.1600646,1
Sandra Chen,C211,TMUS,26,7/12/2021,117.1500015,3045.900039,1
Sandra Chen,C211,STX,6,10/11/2021,97.63069153,585.7841492,1
Sandra Chen,C211,ARE,24,13/9/2021,196.6461792,4719.508301,1
Sandra Chen,C211,V,21,8/9/2021,228.3159485,4794.634919,1
Sandra Chen,C211,BRO,7,5/1/2022,67.34844971,471.439148,1
Sandra Chen,C211,SLB,14,28/2/2022,39.24000168,549.3600235,1
Sandra Chen,C211,INCY,29,6/1/2022,72.62999725,2106.26992,1
Sandra Chen,C211,EFX,23,20/12/2021,275.4623108,6335.633148,1
Sandra Chen,C211,MPWR,26,20/1/2022,403.5682068,10492.77338,1
Jit Nagpal,C212,SPGI,2,4/11/2021,461.0827942,922.1655884,1
Jit Nagpal,C212,DHI,25,22/10/2021,88.1615448,2204.03862,1
Jit Nagpal,C212,HIG,7,18/1/2022,70.93184662,496.5229263,1
Jit Nagpal,C212,VTRS,19,5/11/2021,13.50224781,256.5427084,1
Jit Nagpal,C212,PFG,21,7/3/2022,63.73513031,1338.437737,1
Jit Nagpal,C212,NVR,21,14/9/2021,4958.589844,104130.3867,5
Jit Nagpal,C212,CDW,21,22/3/2022,178.1499939,3741.149872,1
Jit Nagpal,C212,VLO,21,1/11/2021,76.16668701,1599.500427,1
Jit Nagpal,C212,VFC,2,18/10/2021,71.75978851,143.519577,1
Jit Nagpal,C212,DFS,25,31/12/2021,115.106926,2877.67315,0
Amber Seng,C213,LEN,12,21/12/2021,108.303772,1299.645264,1
Amber Seng,C213,T,2,28/2/2022,23.69000053,47.38000106,1
Amber Seng,C213,BDX,22,8/3/2022,257.7934265,5671.455383,2
Amber Seng,C213,FIS,3,16/3/2022,95.37999725,286.1399918,1
Amber Seng,C213,INCY,13,4/1/2022,71.80999756,933.5299683,1
Amber Seng,C213,BAC,23,31/12/2021,44.27353287,1018.291256,1
Amber Seng,C213,MCHP,21,7/3/2022,65.13999939,1367.939987,1
Kai Sheng Teo,C214,RE,20,20/12/2021,260.1789246,5203.578492,5
Kai Sheng Teo,C214,ORLY,22,17/11/2021,640.9699707,14101.33936,5
Kai Sheng Teo,C214,SBNY,22,24/2/2022,325.7000122,7165.400268,5
Kai Sheng Teo,C214,ADM,27,30/11/2021,61.88132477,1670.795769,2
Kai Sheng Teo,C214,XOM,9,14/9/2021,53.26571274,479.3914147,1
Kai Sheng Teo,C214,SYF,4,30/9/2021,48.40720367,193.6288147,1
Kai Sheng Teo,C214,JNPR,7,11/2/2022,33.78202057,236.474144,1
Tan Boon Hong,C215,WM,8,8/12/2021,162.844986,1302.759888,1
Tan Boon Hong,C215,TGT,29,7/10/2021,228.0491943,6613.426635,5
Tan Boon Hong,C215,EMN,30,13/12/2021,113.2178574,3396.535722,3
Tan Boon Hong,C215,CCI,28,21/1/2022,180.707016,5059.796448,4
Tan Boon Hong,C215,AKAM,2,23/11/2021,111.8000031,223.6000062,1
Tan Boon Hong,C215,RL,30,16/2/2022,129.2932281,3878.796843,3
Tan Boon Hong,C215,ANTM,23,12/11/2021,434.5665588,9995.030852,5
Tan Boon Hong,C215,SBNY,29,4/10/2021,288.5414429,8367.701844,5
Francis Yap,C216,OMC,23,3/2/2022,76.95392609,1769.9403,5
Francis Yap,C216,BEN,29,3/12/2021,31.30040359,907.7117041,3
Francis Yap,C216,MAS,9,10/9/2021,59.02550507,531.2295456,2
Francis Yap,C216,BIO,25,25/10/2021,770.4799805,19261.99951,5
Francis Yap,C216,SLB,14,18/10/2021,33.91040039,474.7456055,2
Francis Yap,C216,SYF,21,29/9/2021,50.05114746,1051.074097,3
Justin Peyton,C217,AEP,23,18/2/2022,85.70999908,1971.329979,1
Justin Peyton,C217,RL,10,25/10/2021,122.6000977,1226.000977,1
Justin Peyton,C217,KEY,3,7/10/2021,22.33323288,66.99969864,1
Beck Tay,C218,BBWI,20,12/10/2021,63.05424881,1261.084976,2
Beck Tay,C218,AMD,30,21/10/2021,119.3300018,3579.900054,5
Beck Tay,C218,DLTR,27,7/1/2022,140.9600067,3805.920181,5
Beck Tay,C218,OXY,13,20/1/2022,34.86678696,453.2682305,1
Beck Tay,C218,MCHP,24,27/10/2021,71.91082764,1725.859863,3
Beck Tay,C218,MNST,23,28/1/2022,85.30999756,1962.129944,3
Beck Tay,C218,USB,8,29/9/2021,59.28679276,474.2943421,1
Beck Tay,C218,HOLX,9,14/2/2022,70.30999756,632.789978,1
Beck Tay,C218,BKNG,14,23/11/2021,2341.129883,32775.81836,5
Beck Tay,C218,TSLA,19,12/11/2021,1033.420044,19634.98084,5
Beck Tay,C218,PEAK,19,3/3/2022,32.20999908,611.9899825,1
Madisen,C219,DIS,3,4/11/2021,170.2799988,510.8399964,1
Madisen,C219,CMS,11,17/2/2022,62.40000153,686.4000168,1
Madisen,C219,NSC,13,18/1/2022,274.5888977,3569.65567,1
Madisen,C219,QRVO,2,7/10/2021,165.3300018,330.6600036,1
Madisen,C219,HOLX,19,12/10/2021,69.83000183,1326.770035,1
Madisen,C219,NTAP,10,12/10/2021,89.19071198,891.9071198,1
Madisen,C219,GL,3,16/3/2022,99.25485229,297.7645569,1
Leo Levin,C220,NDAQ,27,2/12/2021,200.5857544,5415.815369,3
Leo Levin,C220,PARA,5,8/2/2022,34.27594376,171.3797188,1
Leo Levin,C220,COO,2,8/2/2022,405.0700073,810.1400146,1
Leo Levin,C220,TSCO,17,20/12/2021,221.3489838,3762.932725,2
Leo Levin,C220,WRB,13,22/12/2021,53.0223465,689.2905045,1
Leo Levin,C220,IPG,20,22/12/2021,36.40611267,728.1222534,1
Jude Seo,C221,TPR,24,22/10/2021,38.13967896,915.352295,1
Jude Seo,C221,SHW,21,23/11/2021,326.7311401,6861.353942,3
Jude Seo,C221,NLSN,18,28/1/2022,18.23700523,328.2660941,1
Jude Seo,C221,TTWO,17,28/2/2022,162,2754,1
Jude Seo,C221,SBUX,16,27/1/2022,94.83913422,1517.426148,0
Jude Seo,C221,EVRG,2,8/12/2021,66.30612946,132.6122589,1
Jude Seo,C221,CMA,4,20/10/2021,85.54282379,342.1712952,1
Jude Seo,C221,NVDA,24,10/11/2021,294.5037537,7068.090089,3
Jude Seo,C221,CINF,27,13/10/2021,115.7388153,3124.948013,2
Jude Seo,C221,MOH,23,22/10/2021,297.8900146,6851.470336,3
Rachel Lim,C222,ENPH,18,13/9/2021,160.0899963,2881.619933,1
Rachel Lim,C222,ADI,4,31/1/2022,163.1736755,652.694702,1
Raven,C223,IBM,16,9/11/2021,119.4116211,1910.585938,5
Raven,C223,KHC,17,2/12/2021,32.90164948,559.3280412,5
Raven,C223,TAP,16,16/11/2021,47.50139999,760.0223998,5
Raven,C223,BA,21,8/3/2022,173.8000031,3649.800065,5
Raven,C223,TER,28,4/2/2022,113.9047089,3189.331849,5
Raven,C223,QRVO,19,10/3/2022,125.5,2384.5,5
Raven,C223,HAL,30,10/11/2021,23.6990509,710.971527,5
Raven,C223,PPG,27,25/10/2021,158.8691254,4289.466386,5
Raven,C223,BBY,14,25/10/2021,118.6071777,1660.500488,5
Louis Lee,C224,PEAK,28,2/3/2022,31.5,882,1
Louis Lee,C224,HD,19,11/1/2022,384.3505249,7302.659973,4
Louis Lee,C224,RJF,17,11/11/2021,100.0982132,1701.669624,1
Louis Lee,C224,VLO,6,1/12/2021,66.54785156,399.2871094,1
Louis Lee,C224,ALLE,24,7/9/2021,141.8687286,3404.849486,2
Louis Lee,C224,AJG,8,15/9/2021,149.2649078,1194.119262,1
Louis Lee,C224,UA,24,24/2/2022,14.85999966,356.6399918,1
Louis Lee,C224,AMZN,14,10/11/2021,3482.050049,48748.70069,5
Mathew Hayden ,C225,PEP,3,24/2/2022,162.7197571,488.1592713,1
Mathew Hayden ,C225,FTNT,29,17/3/2022,303.480011,8800.920319,3
Mathew Hayden ,C225,IVZ,13,22/9/2021,23.86650658,310.2645855,1
Mathew Hayden ,C225,ALL,6,25/2/2022,124.1699982,745.0199892,1
Mathew Hayden ,C225,TFC,19,14/9/2021,53.82758331,1022.724083,1
Mathew Hayden ,C225,NUE,9,22/2/2022,118.3156128,1064.840515,1
Mathew Hayden ,C225,CHTR,8,10/2/2022,606.5200195,4852.160156,2
Rosalyn Chia,C226,MLM,12,15/2/2022,384.401123,4612.813476,4
Rosalyn Chia,C226,RE,3,1/3/2022,282.4711609,847.4134827,1
Geraldine ,C227,CB,21,21/9/2021,174.411026,3662.631546,2
Geraldine ,C227,CSCO,28,20/12/2021,59.59827042,1668.751572,1
Geraldine ,C227,PFG,18,3/1/2022,72.48793793,1304.782883,0
Geraldine ,C227,NLOK,9,5/11/2021,24.53577042,220.8219338,1
Geraldine ,C227,FITB,26,24/9/2021,40.67625809,1057.58271,1
Anson Teo,C228,DHR,27,1/3/2022,271.7922363,7338.39038,4
Anson Teo,C228,DHI,15,8/2/2022,86.61958313,1299.293747,1
Anson Teo,C228,CERN,13,15/9/2021,73.5763855,956.4930115,1
Anson Teo,C228,DLTR,10,27/12/2021,138.4700012,1384.700012,1
Anson Teo,C228,CMA,25,2/11/2021,85.81835175,2145.458794,1
Denise Teng,C229,ADI,22,11/3/2022,147.6000061,3247.200134,1
Denise Teng,C229,CSCO,3,6/1/2022,60.50565338,181.5169601,1
Denise Teng,C229,HPE,25,2/9/2021,15.03542805,375.8857013,1
Denise Teng,C229,CVS,4,3/12/2021,90.3868866,361.5475464,1
Denise Teng,C229,AOS,30,17/3/2022,68,2040,1
Denise Teng,C229,LUMN,17,20/12/2021,12.18426514,207.1325074,1
Denise Teng,C229,ED,10,18/10/2021,71.48606873,714.8606873,1
Denise Teng,C229,JPM,26,20/1/2022,146.5735474,3810.912232,1
Denise Teng,C229,TAP,19,3/11/2021,46.14224625,876.7026788,1
Denise Teng,C229,LVS,5,18/2/2022,47.11999893,235.5999947,1
Daniel Johnson,C230,TMUS,17,18/3/2022,127.1800003,2162.060005,4
Daniel Johnson,C230,MAA,25,23/12/2021,219.9806213,5499.515533,5
Mohammed Irfan,C231,ALLE,21,20/9/2021,136.383255,2864.048355,1
Mohammed Irfan,C231,WYNN,11,16/9/2021,84.37000275,928.0700303,1
Mohammed Irfan,C231,KMX,5,21/3/2022,102.5899963,512.9499815,1
Mohammed Irfan,C231,CZR,14,20/9/2021,104.75,1466.5,1
Mohammed Irfan,C231,PFG,21,28/12/2021,71.62651825,1504.156883,1
Mohammed Irfan,C231,HD,4,18/2/2022,344.7892456,1379.156982,1
Brian Wong,C232,ALB,26,8/10/2021,214.2667694,5570.936004,1
Brian Wong,C232,TYL,13,21/10/2021,516.7000122,6717.100159,1
Brian Wong,C232,WMB,6,27/1/2022,28.9859314,173.9155884,1
Brian Wong,C232,INCY,5,17/9/2021,75.98999786,379.9499893,1
Brian Wong,C232,MA,9,18/10/2021,357.4741211,3217.26709,1
Brian Wong,C232,ULTA,2,28/12/2021,398.8099976,797.6199952,1
Brian Wong,C232,TXT,30,21/1/2022,71.58955383,2147.686615,1
Brian Wong,C232,ROK,24,25/10/2021,313.3369446,7520.08667,2
Ri Jyeong Hyeok,C233,DE,6,11/3/2022,388.489624,2330.937744,2
Ri Jyeong Hyeok,C233,FAST,23,4/2/2022,54.99000168,1264.770039,1
Ri Jyeong Hyeok,C233,NTAP,7,16/9/2021,91.36956024,639.5869217,1
Ri Jyeong Hyeok,C233,NVR,23,8/3/2022,4648.430176,106913.894,5
Seo Dal Mi,C234,SIVB,29,21/9/2021,593.1699829,17201.9295,3
Seo Dal Mi,C234,INTC,17,22/3/2022,48.38999939,822.6299896,1
Seo Dal Mi,C234,ABBV,6,27/9/2021,105.336647,632.019882,1
Seo Dal Mi,C234,SEDG,26,7/2/2022,240.9700012,6265.220031,2
Seo Dal Mi,C234,AIZ,12,16/11/2021,159.2207489,1910.648987,1
Seo Dal Mi,C234,ROP,25,9/12/2021,466.5975342,11664.93836,2
Seo Dal Mi,C234,AVGO,8,9/3/2022,593.0099487,4744.07959,1
Seo Dal Mi,C234,NFLX,13,9/3/2022,358.7900085,4664.270111,1
Seo Dal Mi,C234,FB,22,4/11/2021,335.8500061,7388.700134,2
Seo Dal Mi,C234,RF,10,11/10/2021,21.518116,215.18116,1
Sonn Hye Jin,C235,BLK,13,30/9/2021,829.2872925,10780.7348,4
Sonn Hye Jin,C235,SIVB,5,30/12/2021,679.4500122,3397.250061,2
Sonn Hye Jin,C235,CRL,26,11/3/2022,259.5400085,6748.040221,3
Sonn Hye Jin,C235,FCX,14,9/2/2022,43.56000137,609.8400192,1
Sonn Hye Jin,C235,V,7,18/1/2022,215.3596344,1507.517441,0
Sonn Hye Jin,C235,UPS,14,19/10/2021,191.446167,2680.246338,1
Sonn Hye Jin,C235,USB,25,8/2/2022,59.09807968,1477.451992,0
Sonn Hye Jin,C235,CCL,16,4/10/2021,25.34000015,405.4400024,1
Sonn Hye Jin,C235,BLK,29,22/11/2021,909.0557861,26362.6178,5
Claudia Hayes,C236,KMX,9,5/1/2022,119.3499985,1074.149987,1
Claudia Hayes,C236,PCAR,24,1/10/2021,77.52172852,1860.521484,1
Claudia Hayes,C236,WELL,12,30/9/2021,81.22052765,974.6463318,1
Claudia Hayes,C236,CERN,9,28/2/2022,92.9811554,836.8303986,1
Claudia Hayes,C236,CCI,19,30/9/2021,170.5807953,3241.035111,0
Claudia Hayes,C236,WYNN,3,14/9/2021,92.25,276.75,1
Claudia Hayes,C236,SPG,25,11/1/2022,159.7977295,3994.943238,1
Claudia Hayes,C236,RE,28,7/1/2022,277.5792236,7772.218261,2
Claudia Hayes,C236,WY,22,3/2/2022,39.70689011,873.5515824,1
Brianna,C237,EW,25,18/10/2021,111.0899963,2777.249908,1
Brianna,C237,BR,16,26/10/2021,182.7601929,2924.163086,1
Brianna,C237,SEE,10,20/1/2022,67.88854218,678.8854218,1
Brianna,C237,FANG,6,4/2/2022,131.4802399,788.8814394,1
Ryan Soo,C238,KMB,26,7/2/2022,132.0791779,3434.058625,0
Ryan Soo,C238,REG,22,17/2/2022,66.09612274,1454.1147,1
Ryan Soo,C238,EQIX,19,7/12/2021,809.3641357,15377.91858,3
Ryan Soo,C238,GE,21,10/9/2021,101.7401886,2136.543961,1
Ryan Soo,C238,BXP,21,31/12/2021,114.3281631,2400.891425,1
Rosalind,C239,SPG,5,14/10/2021,136.1385193,680.6925965,1
Rosalind,C239,ZBRA,23,18/3/2022,437.1799927,10055.13983,5
Rosalind,C239,TSLA,7,15/11/2021,1013.390015,7093.730105,4
Rosalind,C239,ANSS,29,11/10/2021,344.1099854,9979.189577,5
Rosalind,C239,INTC,3,9/2/2022,49.90999985,149.7299996,1
Avery ,C240,DPZ,14,14/3/2022,386.1799927,5406.519898,1
Avery ,C240,WDC,13,17/11/2021,56.49000168,734.3700218,1
Alistair,C241,HOLX,4,18/1/2022,69.41000366,277.6400146,1
Alistair,C241,APTV,2,30/11/2021,160.3500061,320.7000122,1
Alistair,C241,NCLH,12,25/2/2022,19.64999962,235.7999954,1
Azhaguraja,C242,TROW,16,5/10/2021,192.2540283,3076.064453,2
Azhaguraja,C242,ENPH,14,8/11/2021,241.6199951,3382.679931,2
Seo Dan ,C243,DG,26,4/1/2022,233.132019,6061.432494,2
Seo Dan ,C243,MMC,23,14/10/2021,159.6205902,3671.273575,1
Seo Dan ,C243,PM,9,2/11/2021,91.51875305,823.6687775,1
Seo Dan ,C243,SEE,20,28/10/2021,58.63325882,1172.665176,1
Seo Dan ,C243,LKQ,26,7/2/2022,54.7399559,1423.238853,1
Seo Dan ,C243,CBRE,27,10/3/2022,87.87999725,2372.759926,1
Seo Dan ,C243,KR,28,9/9/2021,45.69250107,1279.39003,1
Seo Dan ,C243,AJG,7,29/12/2021,169.2645721,1184.852005,1
Seo Dan ,C243,CFG,21,6/10/2021,47.79960632,1003.791733,1
Seo Dan ,C243,CPB,9,2/3/2022,44.77777481,402.9999733,1
Emma Watson,C244,VTR,2,4/1/2022,52.89839935,105.7967987,1
Emma Watson,C244,NDSN,25,6/12/2021,262.9804993,6574.512483,2
Emma Watson,C244,MCHP,18,18/11/2021,83.01383972,1494.249115,1
Emma Watson,C244,KO,10,6/10/2021,52.89181519,528.9181519,1
Emma Watson,C244,EQR,21,3/3/2022,86.07500458,1807.575096,1
Emma Watson,C244,MAR,13,21/10/2021,155.6499939,2023.449921,1
Emma Watson,C244,ORLY,23,3/9/2021,584.7999878,13450.39972,3
Emma Watson,C244,ROL,2,14/1/2022,32.50276566,65.00553132,1
Raven Tang,C245,XYL,3,3/2/2022,91.34796143,274.0438843,1
Raven Tang,C245,CDW,12,3/2/2022,192.3994293,2308.793152,1
Raven Tang,C245,ICE,26,14/1/2022,126.2306747,3281.997542,2
Raven Tang,C245,RF,21,17/11/2021,23.66500282,496.9650592,1
Raven Tang,C245,LYB,21,12/1/2022,98.75920868,2073.943382,1
Raven Tang,C245,ETSY,4,3/3/2022,159.7799988,639.1199952,1
Raven Tang,C245,STZ,3,15/11/2021,228.08815,684.26445,1
Raven Tang,C245,LIN,7,4/10/2021,292.4951172,2047.46582,1
Anh Minh Do,C246,JNJ,25,14/10/2021,158.0535126,3951.337815,0
Anh Minh Do,C246,CHD,21,27/9/2021,82.10836792,1724.275726,1
Anh Minh Do,C246,AIZ,23,23/2/2022,162.9195862,3747.150483,0
Anh Minh Do,C246,SEE,17,8/12/2021,64.28974915,1092.925736,1
Anh Minh Do,C246,WHR,17,9/11/2021,217.7509003,3701.765305,0
Anh Minh Do,C246,ITW,27,21/12/2021,234.2066345,6323.579132,1
Anh Minh Do,C246,SNPS,24,13/9/2021,331.5899963,7958.159911,2
Payton Taylor,C247,FMC,12,5/1/2022,108.5579987,1302.695984,4
Payton Taylor,C247,NLSN,20,18/1/2022,19.85142899,397.0285798,1
Payton Taylor,C247,MAA,12,24/2/2022,204.3200073,2451.840088,5
Payton Taylor,C247,NEE,28,19/10/2021,81.21845245,2274.116669,5
Payton Taylor,C247,SLB,17,23/12/2021,29.47821426,501.1296424,2
Payton Taylor,C247,NFLX,4,5/11/2021,645.7199707,2582.879883,5
Payton Taylor,C247,CCL,22,12/11/2021,22.36000061,491.9200134,2
Kendall Clark,C248,JNPR,14,16/9/2021,27.70324898,387.8454857,1
Kendall Clark,C248,EQR,24,4/3/2022,87.98138428,2111.553223,1
Kendall Clark,C248,LYV,2,22/2/2022,117.0500031,234.1000062,1
Timothy,C249,CCI,14,3/2/2022,180.1418304,2521.985626,1
Timothy,C249,PTC,16,24/1/2022,117.5999985,1881.599976,1
Timothy,C249,PFE,20,26/11/2021,53.5925293,1071.850586,1
Timothy,C249,WYNN,23,6/12/2021,84.91000366,1952.930084,1
Timothy,C249,BKR,27,2/12/2021,23.83611488,643.5751018,1
Timothy,C249,EIX,3,29/9/2021,55.29214859,165.8764458,1
Timothy,C249,ROP,26,5/10/2021,445.7321777,11589.03662,5
Jacob ,C250,TSN,22,20/1/2022,90.01433563,1980.315384,1
Jacob ,C250,SHW,4,29/9/2021,281.1410828,1124.564331,1
Jacob ,C250,IBM,6,19/1/2022,130.013916,780.083496,1
Jacob ,C250,GOOG,10,17/9/2021,2829.27002,28292.7002,5
Abhishek ,C251,TSN,16,22/11/2021,82.25572205,1316.091553,1
Abhishek ,C251,MCHP,19,3/1/2022,87.68717194,1666.056267,2
Abhishek ,C251,ENPH,25,7/10/2021,157.2299957,3930.749892,3
Alvarez,C252,CPB,9,1/11/2021,39.74075699,357.6668129,1
Alvarez,C252,CTRA,22,5/11/2021,21.05494499,463.2087898,1
Alvarez,C252,SLB,2,7/12/2021,30.66452026,61.32904052,1
Alvarez,C252,SRE,27,11/10/2021,121.1992645,3272.380142,0
Alvarez,C252,KEYS,17,11/10/2021,161.6799927,2748.559876,1
Alvarez,C252,MTCH,17,12/11/2021,146.9499969,2498.149947,1
Alvarez,C252,BKR,9,14/12/2021,23.91556931,215.2401238,1
Alvarez,C252,IRM,3,1/10/2021,42.88977432,128.669323,1
Anderson Smith,C253,IQV,29,5/10/2021,239.3600006,6941.440017,2
Anderson Smith,C253,WMT,17,21/9/2021,141.8976593,2412.260208,1
Anderson Smith,C253,O,17,8/9/2021,67.77407837,1152.159332,1
Anderson Smith,C253,BBY,8,10/3/2022,97.78567505,782.2854004,1
Anderson Smith,C253,TRV,16,3/12/2021,147.5311279,2360.498046,1
Anderson Smith,C253,NLSN,11,3/1/2022,21.03733253,231.4106578,1
Anderson Smith,C253,EMN,3,2/11/2021,107.7936554,323.3809662,1
Anderson Smith,C253,BRO,14,3/11/2021,61.7269249,864.1769486,1
Anderson Smith,C253,CDW,13,20/12/2021,186.187851,2420.442063,1
Anderson Smith,C253,LIN,24,23/11/2021,327.8347778,7868.034667,2
Jennifer Annuncia,C254,J,29,12/11/2021,145.1353607,4208.92546,1
Jennifer Annuncia,C254,RTX,4,14/12/2021,83.03832245,332.1532898,1
Jennifer Annuncia,C254,VMC,7,1/3/2022,174.4400024,1221.080017,1
Jennifer Annuncia,C254,CTLT,15,10/1/2022,118.3099976,1774.649964,1
Jennifer Annuncia,C254,STE,12,22/10/2021,234.4277649,2813.133179,1
Jennifer Annuncia,C254,TJX,22,3/1/2022,75.27114105,1655.965103,1
Jennifer Annuncia,C254,APTV,16,8/11/2021,173.2299957,2771.679931,1
Frederick Aswin,C255,XRAY,13,14/3/2022,47.56954575,618.4040948,1
Frederick Aswin,C255,PARA,27,9/9/2021,39.49016571,1066.234474,1
Liana Natasha,C256,HRL,2,9/3/2022,49.66469574,99.32939148,1
Liana Natasha,C256,RF,24,18/2/2022,23.52053452,564.4928285,1
Liana Natasha,C256,SJM,26,15/9/2021,119.9957886,3119.890504,1
Liana Natasha,C256,APH,13,11/2/2022,74.98406219,974.7928085,1
Liana Natasha,C256,SWKS,30,22/3/2022,137.5200043,4125.600129,1
Liana Natasha,C256,EQIX,12,18/10/2021,761.7181396,9140.617675,2
Liana Natasha,C256,HOLX,22,10/1/2022,73.44999695,1615.899933,1
Liana Natasha,C256,HCA,26,28/10/2021,249.6515808,6490.941101,1
Liana Natasha,C256,MOS,9,11/10/2021,41.73740005,375.6366005,1
Liana Natasha,C256,ECL,17,20/9/2021,215.9173279,3670.594574,1
Pavanesh,C257,TER,19,17/12/2021,156.1156921,2966.19815,1
Pavanesh,C257,NTAP,11,7/12/2021,89.6157074,985.7727814,1
Pavanesh,C257,XOM,15,14/12/2021,60.86525345,912.9788018,1
Pavanesh,C257,GOOG,27,15/2/2022,2728.51001,73669.77027,5
Pavanesh,C257,GM,21,25/2/2022,47.43000031,996.0300065,1
Pavanesh,C257,DRE,22,20/9/2021,48.62070465,1069.655502,1
Pavanesh,C257,GOOGL,7,13/1/2022,2771.73999,19402.17993,5
Pavanesh,C257,PFG,23,15/10/2021,67.35951233,1549.268784,1
Pavanesh,C257,PNR,15,11/1/2022,69.75834656,1046.375198,1
Pavanesh,C257,A,14,8/3/2022,129.1172943,1807.64212,1
Brijraj Singh,C258,PLD,7,25/10/2021,143.7866974,1006.506882,1
Brijraj Singh,C258,VZ,14,10/11/2021,51.34855652,718.8797913,1
Brijraj Singh,C258,LEN,27,7/3/2022,83.26000214,2248.020058,1
Brijraj Singh,C258,APA,22,16/9/2021,20.36442757,448.0174065,1
salma Naguib,C259,FITB,25,18/10/2021,43.4645195,1086.612988,1
salma Naguib,C259,GOOG,29,24/2/2022,2653.469971,76950.62916,5
salma Naguib,C259,MPC,3,29/9/2021,60.93697357,182.8109207,1
Shameem Seth,C260,FITB,26,11/11/2021,43.7111969,1136.491119,1
Shameem Seth,C260,TAP,22,9/9/2021,45.35433197,997.7953033,1
Shameem Seth,C260,PKG,21,2/9/2021,150.1574402,3153.306244,1
Shameem Seth,C260,DG,25,19/1/2022,219.4054718,5485.136795,1
Shameem Seth,C260,NOW,28,8/3/2022,518.2000122,14509.60034,2
Shameem Seth,C260,J,8,3/9/2021,136.6160431,1092.928345,1
Shameem Seth,C260,AMCR,3,6/10/2021,11.51461029,34.54383087,1
Shameem Seth,C260,WAB,14,3/9/2021,89.97060394,1259.588455,1
Rahul Kapadia,C261,CDW,7,16/9/2021,193.2715759,1352.901031,1
Rahul Kapadia,C261,ED,19,2/2/2022,86.3207016,1640.09333,2
Rahul Kapadia,C261,TSCO,3,29/11/2021,225.7301636,677.1904908,1
Rahul Kapadia,C261,PAYX,24,23/9/2021,109.0709457,2617.702697,2
Rahul Kapadia,C261,BXP,16,15/12/2021,113.831192,1821.299072,2
Rahul Kapadia,C261,LVS,25,11/10/2021,39.09000015,977.2500038,1
Rahul Kapadia,C261,URI,25,28/10/2021,367.1799927,9179.499818,5
Rahul Kapadia,C261,TFX,29,23/12/2021,327.0560913,9484.626648,5
Rahul Kapadia,C261,LLY,10,20/10/2021,241.9213257,2419.213257,2
Ranjith Kumar,C262,BMY,3,23/11/2021,56.53375244,169.6012573,1
Ranjith Kumar,C262,NVDA,22,13/10/2021,209.3286896,4605.231171,1
Ranjith Kumar,C262,COO,10,10/3/2022,385.2999878,3852.999878,1
Ranjith Kumar,C262,PG,7,14/10/2021,142.3940582,996.7584074,1
Ranjith Kumar,C262,CTSH,15,28/9/2021,75.90383911,1138.557587,1
Ranjith Kumar,C262,GE,11,16/2/2022,101.3189926,1114.508919,1
Ranjith Kumar,C262,CTSH,13,15/11/2021,81.46044159,1058.985741,1
Ranjith Kumar,C262,EOG,2,22/9/2021,71.4254303,142.8508606,1
Ranjith Kumar,C262,SYF,2,23/11/2021,49.46133804,98.92267608,1
Rimpy Kaur,C263,PFG,27,17/3/2022,70.04000092,1891.080025,1
Rimpy Kaur,C263,AES,20,7/9/2021,24.13021278,482.6042556,1
Rimpy Kaur,C263,INTU,17,2/12/2021,670.418396,11397.11273,5
Rimpy Kaur,C263,NLOK,9,25/10/2021,26.41780281,237.7602253,1
Rimpy Kaur,C263,XRAY,16,3/12/2021,50.49365997,807.8985595,1
Rimpy Kaur,C263,LW,21,5/10/2021,61.95907211,1301.140514,1
Rimpy Kaur,C263,ADSK,24,22/10/2021,308.5799866,7405.919678,4
Rimpy Kaur,C263,MGM,20,1/11/2021,48.46395493,969.2790986,1
Rimpy Kaur,C263,AVGO,19,15/9/2021,499.4376831,9489.315979,5
Rimpy Kaur,C263,PLD,19,9/2/2022,154.5758972,2936.942047,2
Aparna Sen,C264,KEYS,9,15/3/2022,149.6600037,1346.940033,2
Aparna Sen,C264,COF,11,17/2/2022,154.3600006,1697.960007,2
Aparna Sen,C264,ICE,13,15/11/2021,134.5658722,1749.356339,2
Aparna Sen,C264,PLD,24,4/10/2021,125.6820679,3016.36963,3
Priyanka Chawla,C265,GL,26,3/11/2021,92.11214447,2394.915756,1
Priyanka Chawla,C265,CE,10,14/2/2022,153.4844818,1534.844818,1
Larry Page,C266,BXP,25,28/2/2022,121.4054337,3035.135843,0
Larry Page,C266,SNPS,24,11/3/2022,293.6900024,7048.560058,2
Larry Page,C266,ABC,12,6/12/2021,118.5135803,1422.162964,1
Larry Page,C266,MAA,12,8/12/2021,217.0653229,2604.783875,1
Larry Page,C266,NFLX,12,15/11/2021,679.3300171,8151.960205,2
Larry Page,C266,TPR,16,28/9/2021,39.06798935,625.0878296,1
Larry Page,C266,ODFL,20,17/11/2021,360.3833008,7207.666016,2
Larry Page,C266,PNW,6,22/3/2022,73.41999817,440.519989,1
Ricky Ponting,C267,ZBH,6,2/9/2021,143.952774,863.716644,1
Ricky Ponting,C267,FB,24,2/3/2022,208.1100006,4994.640014,2
Ricky Ponting,C267,TYL,15,13/12/2021,515.0100098,7725.150147,3
Ricky Ponting,C267,INTC,3,3/12/2021,48.87766647,146.6329994,1
David Lee,C268,STX,2,8/2/2022,109.9181366,219.8362732,1
David Lee,C268,EXPD,15,20/10/2021,118.5152359,1777.728539,1
David Lee,C268,TWTR,20,18/2/2022,34.31999969,686.3999938,1
David Lee,C268,ABT,15,20/9/2021,123.9525223,1859.287835,1
David Lee,C268,WST,27,1/3/2022,381.5799866,10302.65964,3
David Lee,C268,KHC,2,31/12/2021,35.52388763,71.04777526,1
David Lee,C268,AAP,17,16/3/2022,206.0200043,3502.340073,1
David Lee,C268,MOS,17,9/9/2021,31.43248558,534.3522549,1
Bianca Cheng,C269,SEE,6,3/1/2022,66.36329651,398.1797791,1
Bianca Cheng,C269,ATVI,8,16/9/2021,79.27999878,634.2399902,1
Bianca Cheng,C269,CLX,8,30/9/2021,163.3436432,1306.749146,1
Bianca Cheng,C269,CTAS,12,21/10/2021,422.6386108,5071.66333,1
Bianca Cheng,C269,BRO,19,10/12/2021,67.10881042,1275.067398,1
Bianca Cheng,C269,BKNG,9,24/1/2022,2349.620117,21146.58105,3
Bianca Cheng,C269,TMUS,25,8/10/2021,121.2200012,3030.50003,1
Bianca Cheng,C269,KR,14,7/2/2022,44.46725845,622.5416183,1
Bianca Cheng,C269,ALLE,30,24/2/2022,111.2909164,3338.727492,1
Samson yong,C270,ODFL,13,25/10/2021,324.2081909,4214.706482,1
Samson yong,C270,BK,17,4/10/2021,52.24160767,888.1073304,1
Samson yong,C270,UNH,4,11/10/2021,402.4823608,1609.929443,1
Samson yong,C270,FTNT,16,23/12/2021,349.019989,5584.319824,1
Sridhar ,C271,CSX,7,24/9/2021,30.25016594,211.7511616,1
Sridhar ,C271,VMC,25,28/12/2021,208.3847046,5209.617615,2
Sridhar ,C271,CF,13,28/2/2022,81.19000244,1055.470032,1
Sridhar ,C271,CTSH,4,17/9/2021,75.02910614,300.1164246,1
Sridhar ,C271,HIG,15,14/12/2021,67.67964172,1015.194626,1
Sridhar ,C271,PH,20,27/9/2021,289.1695251,5783.390502,2
Sridhar ,C271,UHS,21,3/3/2022,149.8500061,3146.850128,1
Sridhar ,C271,KHC,27,11/1/2022,37.19618225,1004.296921,1
Raymond Lee,C272,ALL,2,5/11/2021,115.5171967,231.0343934,1
Raymond Lee,C272,APD,2,21/10/2021,290.5680542,581.1361084,1
Raymond Lee,C272,LNT,13,1/3/2022,57.27000046,744.510006,1
Raymond Lee,C272,MS,8,23/9/2021,102.12677,817.01416,1
Raymond Lee,C272,RSG,26,20/1/2022,127.9116592,3325.703139,2
Raymond Lee,C272,LLY,24,10/9/2021,237.7324524,5705.578858,3
Raymond Lee,C272,RCL,20,10/12/2021,75.5,1510,1
Raymond Lee,C272,UAL,8,26/11/2021,42.25999832,338.0799866,1
Raymond Lee,C272,GILD,18,28/2/2022,59.6397934,1073.516281,1
Raymond Lee,C272,GPN,23,30/11/2021,118.5760574,2727.24932,2
Alysia Sierra,C273,HST,7,18/1/2022,17.67321014,123.712471,1
Alysia Sierra,C273,AIG,25,20/12/2021,52.62082672,1315.520668,1
Alysia Sierra,C273,SYK,16,3/2/2022,250.1215363,4001.944581,1
Alysia Sierra,C273,DHI,7,27/10/2021,87.34550476,611.4185333,1
Alysia Sierra,C273,PKI,21,11/3/2022,165.8899994,3483.689987,1
Alysia Sierra,C273,J,3,7/10/2021,134.3739929,403.1219787,1
Alysia Sierra,C273,WHR,23,21/9/2021,202.5715942,4659.146667,1
Alysia Sierra,C273,TECH,24,14/9/2021,509.1805725,12220.33374,3
Alysia Sierra,C273,PPG,13,9/12/2021,163.4126892,2124.36496,1
Alysia Sierra,C273,TMO,13,2/2/2022,603.7918091,7849.293518,2
Alysia Sierra,C273,TTWO,3,14/9/2021,152.1499939,456.4499817,1
Raquel Murillo,C274,GPC,19,15/10/2021,125.4643936,2383.823478,2
Raquel Murillo,C274,PTC,30,7/1/2022,115.0800018,3452.400054,2
Raquel Murillo,C274,CSX,2,22/2/2022,34.13809586,68.27619172,1
Raquel Murillo,C274,NTRS,23,21/9/2021,103.2226486,2374.120918,2
Raquel Murillo,C274,TTWO,4,11/2/2022,171.4799957,685.9199828,1
Raquel Murillo,C274,IDXX,9,20/12/2021,604.1099854,5436.989869,4
Raquel Murillo,C274,CDNS,3,17/11/2021,187.7400055,563.2200165,1
Raquel Murillo,C274,LLY,3,14/1/2022,243.1051636,729.3154908,1
Raquel Murillo,C274,DVN,4,15/3/2022,53.00999832,212.0399933,1
Raquel Murillo,C274,MA,14,17/3/2022,345.9598694,4843.438172,3
Sergio ,C275,BAX,13,26/10/2021,81.21887207,1055.845337,3
Sergio ,C275,TTWO,10,5/1/2022,171.8500061,1718.500061,4
Sergio ,C275,PNR,22,30/9/2021,72.20331573,1588.472946,4
Sergio ,C275,DTE,18,3/12/2021,110.2978287,1985.360917,5
Sergio ,C275,PAYC,6,22/2/2022,320.6799927,1924.079956,5
Sergio ,C275,APD,15,3/2/2022,279.0826416,4186.239624,5
Sergio ,C275,KO,29,10/12/2021,55.85245895,1619.72131,4
Larry Summer,C276,TFX,19,29/10/2021,356.2284241,6768.340058,2
Larry Summer,C276,ALLE,26,3/3/2022,117.2789078,3049.251603,1
Larry Summer,C276,EMN,7,11/10/2021,103.2176056,722.5232392,1
Larry Summer,C276,PG,15,19/1/2022,161.1302032,2416.953048,1
Larry Summer,C276,MTD,3,19/11/2021,1552.069946,4656.209838,2
Larry Summer,C276,EFX,4,10/9/2021,271.9902344,1087.960938,1
Kristen Zimmern,C277,ALLE,4,7/2/2022,120.0188293,480.0753172,1
Kristen Zimmern,C277,A,26,4/11/2021,157.1958313,4087.091614,3
Kristen Zimmern,C277,AMT,28,5/11/2021,276.4568787,7740.792604,5
Kristen Zimmern,C277,MTCH,12,15/11/2021,148.4199982,1781.039978,2
Kristen Zimmern,C277,HD,16,20/10/2021,354.614502,5673.832032,4
Kristen Zimmern,C277,EOG,4,8/2/2022,110.5741348,442.2965392,1
Kristen Zimmern,C277,FRC,19,15/10/2021,209.9129028,3988.345153,3
Kristen Zimmern,C277,LLY,25,2/3/2022,254.1699982,6354.249955,5
Kristen Zimmern,C277,NLSN,2,19/10/2021,19.77701569,39.55403138,1
hannah Stevens,C278,CFG,12,5/11/2021,47.43019104,569.1622925,1
hannah Stevens,C278,FB,18,14/1/2022,331.8999939,5974.19989,2
hannah Stevens,C278,XEL,8,12/11/2021,62.26533508,498.1226806,1
hannah Stevens,C278,UAL,16,10/3/2022,35.20000076,563.2000122,1
hannah Stevens,C278,AAPL,29,10/3/2022,158.5200043,4597.080125,2
hannah Stevens,C278,T,17,17/3/2022,23.19000053,394.230009,1
hannah Stevens,C278,K,13,21/3/2022,60.95000076,792.3500099,1
hannah Stevens,C278,NOW,23,29/11/2021,672.8200073,15474.86017,5
Brady henderson,C279,ZBH,7,7/10/2021,142.8834229,1000.18396,2
Brady henderson,C279,MCHP,5,20/1/2022,73.70704651,368.5352326,1
Brady henderson,C279,DLTR,8,5/1/2022,140.3999939,1123.199951,2
Brady henderson,C279,PPL,7,11/11/2021,28.13515472,196.946083,1
Brady henderson,C279,WRB,15,29/10/2021,52.30727005,784.6090508,1
Brady henderson,C279,ROP,22,8/2/2022,445.2105103,9794.631227,5
Brady henderson,C279,JBHT,11,18/10/2021,188.3740997,2072.115097,3
Brady henderson,C279,CHRW,29,28/9/2021,87.28422546,2531.242538,3
Brady henderson,C279,AMCR,12,9/2/2022,11.66100979,139.9321175,1
Brady henderson,C279,DRI,28,22/3/2022,130.8699493,3664.35858,5
Brady henderson,C279,VMC,28,30/9/2021,166.8138275,4670.78717,5
Manjiry Varde,C280,NTAP,6,3/1/2022,91.3157196,547.8943176,1
Manjiry Varde,C280,A,8,28/10/2021,155.3112793,1242.490234,1
Manjiry Varde,C280,A,10,23/2/2022,125.8024902,1258.024902,1
Manjiry Varde,C280,ETSY,15,25/10/2021,252.5700073,3788.55011,1
Manjiry Varde,C280,HIG,27,1/11/2021,72.33374786,1953.011192,1
Manjiry Varde,C280,UPS,23,28/1/2022,196.8198853,4526.857362,2
Manjiry Varde,C280,AIZ,30,13/10/2021,158.8439026,4765.317078,2
Manjiry Varde,C280,UNH,6,20/9/2021,410.1446228,2460.867737,1
Manjiry Varde,C280,ULTA,15,7/10/2021,375.0299988,5625.449982,2
Sameera ,C281,BR,24,15/2/2022,146.976593,3527.438232,1
Sameera ,C281,LDOS,19,11/1/2022,90.48939514,1719.298508,1
Sameera ,C281,AAPL,13,13/12/2021,175.5163879,2281.713043,1
Kundan Sharma,C282,HAS,7,15/9/2021,97.16587067,680.1610947,1
Kundan Sharma,C282,JNJ,12,2/9/2021,172.6831665,2072.197998,1
Kundan Sharma,C282,FMC,20,6/1/2022,107.4624557,2149.249114,1
Kundan Sharma,C282,BBY,22,8/12/2021,105.267807,2315.891754,1
Kundan Sharma,C282,NUE,10,6/12/2021,109.3955917,1093.955917,1
Kundan Sharma,C282,ALB,28,7/3/2022,171.7345734,4808.568055,1
Kattadurai,C283,ETN,3,22/10/2021,160.7952423,482.3857269,1
Kattadurai,C283,BDX,15,1/12/2021,234.1323395,3511.985093,1
Kattadurai,C283,BSX,8,10/12/2021,41.16999817,329.3599854,1
Kattadurai,C283,ECL,5,3/11/2021,226.9076538,1134.538269,1
Parvathy,C284,RSG,2,2/9/2021,124.7818222,249.5636444,0
Parvathy,C284,GD,5,10/11/2021,199.1517944,995.758972,3
Parvathy,C284,IEX,26,28/10/2021,222.4294586,5783.165924,5
Parvathy,C284,WMB,27,7/2/2022,30.30840683,818.3269844,2
Parvathy,C284,ORCL,9,28/1/2022,80.16639709,721.4975738,2
Parvathy,C284,A,7,24/2/2022,127.9491119,895.6437833,2
Parvathy,C284,ETN,3,2/3/2022,151.3434296,454.0302888,1
Parvathy,C284,T,19,13/1/2022,26.79999924,509.1999856,2
Parvathy,C284,J,7,16/9/2021,133.2180786,932.5265502,2
Parvathy,C284,MTCH,22,22/11/2021,137.0099945,3014.219879,5
Sugirtha ,C285,CSX,3,17/3/2022,36.29999924,108.8999977,1
Sugirtha ,C285,AMAT,21,11/2/2022,132.2515564,2777.282684,5
Sugirtha ,C285,EFX,21,6/12/2021,281.6309509,5914.249969,5
Sugirtha ,C285,XYL,8,20/9/2021,130.3248749,1042.598999,3
Sugirtha ,C285,CRL,12,16/12/2021,360.8800049,4330.560059,5
Sugirtha ,C285,COP,10,22/12/2021,70.31842804,703.1842804,2
Sugirtha ,C285,NI,2,10/11/2021,25.10734749,50.21469498,1
Sugirtha ,C285,PWR,2,30/11/2021,113.6504059,227.3008118,1
Yash Jain,C286,EIX,25,14/1/2022,63.11003113,1577.750778,1
Yash Jain,C286,CHTR,16,18/1/2022,582.75,9324,3
Yash Jain,C286,VFC,7,11/11/2021,74.51486969,521.6040878,1
Yash Jain,C286,GM,12,24/9/2021,52.22999954,626.7599945,1
Yash Jain,C286,ROST,25,7/12/2021,112.7004929,2817.512323,1
Yash Jain,C286,CME,2,20/9/2021,183.7932892,367.5865784,1
Yash Jain,C286,CPB,21,16/12/2021,43.4483223,912.4147683,1
Yash Jain,C286,WBA,2,21/9/2021,47.08654022,94.17308044,1
Yash Jain,C286,EOG,28,11/3/2022,115.6800003,3239.040008,1
Zheng Kiang ,C287,ADBE,7,15/9/2021,661.0800171,4627.56012,1
Zheng Kiang ,C287,VRSK,14,5/1/2022,213.9450531,2995.230743,0
Zheng Kiang ,C287,GL,17,2/9/2021,94.20326233,1601.45546,1
Zheng Kiang ,C287,WDC,7,10/9/2021,57.97000122,405.7900085,1
Zheng Kiang ,C287,ETSY,18,9/11/2021,258.6700134,4656.060241,1
Christopher Kemp,C288,SBUX,9,27/1/2022,94.83913422,853.552208,1
Christopher Kemp,C288,AMCR,22,12/11/2021,12.13199043,266.9037895,1
Christopher Kemp,C288,GM,29,5/10/2021,54.34000015,1575.860004,2
Christopher Kemp,C288,FDX,20,14/10/2021,225.9859924,4519.719848,4
Christopher Kemp,C288,SLB,23,4/11/2021,32.90778351,756.8790207,0
Christopher Kemp,C288,APTV,30,4/1/2022,172.2100067,5166.300201,4
Christopher Kemp,C288,JKHY,24,18/11/2021,150.9279633,3622.271119,3
Christopher Kemp,C288,ICE,22,1/3/2022,127.377327,2802.301194,2
Jonathan Sweeney,C289,STX,6,2/3/2022,104.9155426,629.4932556,1
Jonathan Sweeney,C289,KIM,5,10/1/2022,24.92836571,124.6418286,1
Jonathan Sweeney,C289,EL,3,30/11/2021,331.3902893,994.1708679,1
Jonathan Sweeney,C289,CB,29,2/12/2021,180.9191895,5246.656495,3
Jonathan Sweeney,C289,MKC,19,4/1/2022,96.15331268,1826.912941,1
Jonathan Sweeney,C289,DUK,6,10/3/2022,106.1900024,637.1400144,1
Jonathan Sweeney,C289,CMI,22,16/12/2021,216.8725891,4771.19696,3
Janson Wang,C290,RSG,14,18/1/2022,128.1707611,1794.390655,1
Janson Wang,C290,NRG,19,29/12/2021,42.51377106,807.7616501,1
Janson Wang,C290,HAS,16,21/9/2021,91.50936127,1464.14978,1
Janson Wang,C290,WM,15,13/1/2022,156.790451,2351.856765,0
Jared Vasquez,C291,EBAY,4,23/12/2021,64.62221527,258.4888611,1
Jared Vasquez,C291,VTRS,10,18/2/2022,14.58868027,145.8868027,1
Jared Vasquez,C291,VTR,22,13/12/2021,47.58311462,1046.828522,0
Jared Vasquez,C291,AKAM,15,15/9/2021,111.9400024,1679.100036,1
Jared Vasquez,C291,TAP,15,25/1/2022,49.84669113,747.700367,1
Jared Vasquez,C291,CTRA,15,18/3/2022,24.85000038,372.7500057,1
Jared Vasquez,C291,KMI,12,8/9/2021,15.59494591,187.1393509,1
Jared Vasquez,C291,XRAY,14,23/9/2021,59.33402634,830.6763688,1
Jared Vasquez,C291,BSX,27,10/12/2021,41.16999817,1111.589951,1
Kapil ,C292,SYY,28,11/1/2022,77.98582458,2183.603088,2
Kapil ,C292,MLM,15,17/3/2022,383.0799866,5746.199799,3
Kapil ,C292,RE,6,6/1/2022,272.7468872,1636.481323,1
Kapil ,C292,CI,12,10/11/2021,215.7293854,2588.752625,2
Kapil ,C292,WMB,3,10/3/2022,32.49000168,97.47000504,1
Kapil ,C292,MAR,23,11/10/2021,156.8200073,3606.860168,2
Kapil ,C292,ZBRA,29,16/2/2022,430.9700012,12498.13003,5
Kapil ,C292,OMC,23,19/1/2022,76.25056458,1753.762985,1
Umesh Ursekar,C293,WYNN,20,24/2/2022,86.48000336,1729.600067,2
Umesh Ursekar,C293,ADSK,19,23/2/2022,209.0200043,3971.380082,4
Umesh Ursekar,C293,VLO,23,3/9/2021,63.16309357,1452.751152,2
Umesh Ursekar,C293,STX,17,4/1/2022,115.1589508,1957.702164,2
Sunil Pawar,C294,BWA,8,28/1/2022,42.48794174,339.9035339,1
Sunil Pawar,C294,YUM,13,11/11/2021,123.355896,1603.626648,1
Sunil Pawar,C294,CPB,12,11/11/2021,40.25214767,483.025772,1
Sunil Pawar,C294,AMP,19,31/1/2022,303.2325745,5761.418916,1
Sunil Pawar,C294,FTNT,17,20/9/2021,297.0700073,5050.190124,0
Krishnasamy,C295,LUV,8,8/11/2021,51.36999893,410.9599914,1
Krishnasamy,C295,PFG,30,18/3/2022,70.02999878,2100.899963,5
Krishnasamy,C295,TYL,14,22/9/2021,467.9100037,6550.740052,5
Krishnasamy,C295,DRE,24,18/2/2022,52.91999817,1270.079956,3
Krishnasamy,C295,ENPH,19,24/11/2021,255.1000061,4846.900116,5
Krishnasamy,C295,CMA,30,22/12/2021,84.28395081,2528.518524,5
Krishnasamy,C295,GOOG,29,15/9/2021,2904.120117,84219.48339,5
Krishnasamy,C295,ARE,21,9/3/2022,191.1192017,4013.503236,5
Krishnasamy,C295,CRL,8,26/1/2022,310.8800049,2487.040039,5
Ramesh Pillai,C296,BDX,23,27/9/2021,243.5879364,5602.522537,2
Ramesh Pillai,C296,GOOGL,21,2/3/2022,2691.429932,56520.02857,5
Ramesh Pillai,C296,INTC,20,15/3/2022,44.81000137,896.2000274,1
Ramesh Pillai,C296,WY,29,29/12/2021,39.09187317,1133.664322,1
Ram Kannan,C297,HLT,14,25/2/2022,150.6699982,2109.379975,1
Ram Kannan,C297,GL,18,8/10/2021,94.03425598,1692.616608,1
Ram Kannan,C297,ALL,13,15/10/2021,124.9825821,1624.773567,0
Ram Kannan,C297,RMD,30,11/2/2022,243.9199982,7317.599946,3
Velusamy,C298,URI,10,16/12/2021,337.4700012,3374.700012,2
Velusamy,C298,EXC,2,22/2/2022,41.30690002,82.61380004,1
Velusamy,C298,NCLH,21,21/9/2021,24.98999977,524.7899952,1
Vivek ,C299,CBOE,23,11/10/2021,124.6838913,2867.7295,5
Vivek ,C299,KEY,20,11/10/2021,22.48080826,449.6161652,1
Vivek ,C299,APTV,21,10/3/2022,105.6800003,2219.280006,4
Vivek ,C299,MAR,21,23/11/2021,157.4400024,3306.24005,5
Jaimie Fong,C300,SBAC,10,6/1/2022,348.4069824,3484.069824,2
Jaimie Fong,C300,ZTS,27,27/1/2022,187.6600037,5066.8201,2
Jaimie Fong,C300,ABMD,30,15/10/2021,351.3699951,10541.09985,4
Jaimie Fong,C300,ALL,19,28/2/2022,122.3600006,2324.840011,1
